Hourly,Consumption m3
2016-07-04 00:00:00,0.0
2016-07-04 01:00:00,0.0
2016-07-04 02:00:00,0.0
2016-07-04 03:00:00,0.0
2016-07-04 04:00:00,0.0
2016-07-04 05:00:00,0.0
2016-07-04 06:00:00,0.0
2016-07-04 07:00:00,0.0
2016-07-04 08:00:00,0.0
2016-07-04 09:00:00,0.0
2016-07-04 10:00:00,88.73
2016-07-04 11:00:00,82.43
2016-07-04 12:00:00,85.34
2016-07-04 13:00:00,73.53
2016-07-04 14:00:00,80.99
2016-07-04 15:00:00,87.53
2016-07-04 16:00:00,86.82
2016-07-04 17:00:00,81.56
2016-07-04 18:00:00,75.59
2016-07-04 19:00:00,69.84
2016-07-04 20:00:00,79.51
2016-07-04 21:00:00,74.46
2016-07-04 22:00:00,74.1
2016-07-04 23:00:00,77.23
2016-07-05 00:00:00,75.28
2016-07-05 01:00:00,78.91
2016-07-05 02:00:00,81.71
2016-07-05 03:00:00,66.23
2016-07-05 04:00:00,78.17
2016-07-05 05:00:00,82.99
2016-07-05 06:00:00,64.86
2016-07-05 07:00:00,55.02
2016-07-05 08:00:00,67.02
2016-07-05 09:00:00,62.87
2016-07-05 10:00:00,60.84
2016-07-05 11:00:00,67.68
2016-07-05 12:00:00,65.39
2016-07-05 13:00:00,71.44
2016-07-05 14:00:00,72.95
2016-07-05 15:00:00,75.66
2016-07-05 16:00:00,75.34
2016-07-05 17:00:00,67.89
2016-07-05 18:00:00,66.29
2016-07-05 19:00:00,48.15
2016-07-05 20:00:00,0.0
2016-07-05 21:00:00,0.0
2016-07-05 22:00:00,0.0
2016-07-05 23:00:00,0.0
2016-07-06 00:00:00,0.0
2016-07-06 01:00:00,0.0
2016-07-06 02:00:00,0.0
2016-07-06 03:00:00,100.81
2016-07-06 04:00:00,100.79
2016-07-06 05:00:00,81.64
2016-07-06 06:00:00,75.59
2016-07-06 07:00:00,88.5
2016-07-06 08:00:00,83.64
2016-07-06 09:00:00,64.23
2016-07-06 10:00:00,76.64
2016-07-06 11:00:00,76.0
2016-07-06 12:00:00,82.46
2016-07-06 13:00:00,91.15
2016-07-06 14:00:00,82.48
2016-07-06 15:00:00,81.26
2016-07-06 16:00:00,80.55
2016-07-06 17:00:00,74.94
2016-07-06 18:00:00,0.0
2016-07-06 19:00:00,0.0
2016-07-06 20:00:00,0.0
2016-07-06 21:00:00,0.0
2016-07-06 22:00:00,0.0
2016-07-06 23:00:00,0.0
2016-07-07 00:00:00,0.0
2016-07-07 01:00:00,0.0
2016-07-07 02:00:00,96.48
2016-07-07 03:00:00,87.47
2016-07-07 04:00:00,74.63
2016-07-07 05:00:00,86.49
2016-07-07 06:00:00,87.14
2016-07-07 07:00:00,80.72
2016-07-07 08:00:00,79.01
2016-07-07 09:00:00,53.37
2016-07-07 10:00:00,57.42
2016-07-07 11:00:00,60.88
2016-07-07 12:00:00,58.39
2016-07-07 13:00:00,58.26
2016-07-07 14:00:00,78.91
2016-07-07 15:00:00,77.91
2016-07-07 16:00:00,74.02
2016-07-07 17:00:00,74.52
2016-07-07 18:00:00,72.13
2016-07-07 19:00:00,52.8
2016-07-07 20:00:00,65.66
2016-07-07 21:00:00,63.28
2016-07-07 22:00:00,66.75
2016-07-07 23:00:00,67.26
2016-07-08 00:00:00,70.55
2016-07-08 01:00:00,72.75
2016-07-08 02:00:00,73.87
2016-07-08 03:00:00,82.32
2016-07-08 04:00:00,80.29
2016-07-08 05:00:00,60.25
2016-07-08 06:00:00,0.0
2016-07-08 07:00:00,0.0
2016-07-08 08:00:00,0.0
2016-07-08 09:00:00,0.0
2016-07-08 10:00:00,0.0
2016-07-08 11:00:00,0.0
2016-07-08 12:00:00,0.0
2016-07-08 13:00:00,0.0
2016-07-08 14:00:00,110.76
2016-07-08 15:00:00,109.04
2016-07-08 16:00:00,79.84
2016-07-08 17:00:00,95.38
2016-07-08 18:00:00,91.55
2016-07-08 19:00:00,88.0
2016-07-08 20:00:00,83.71
2016-07-08 21:00:00,82.0
2016-07-08 22:00:00,84.51
2016-07-08 23:00:00,82.69
2016-07-09 00:00:00,84.43
2016-07-09 01:00:00,89.08
2016-07-09 02:00:00,89.39
2016-07-09 03:00:00,83.01
2016-07-09 04:00:00,72.63
2016-07-09 05:00:00,0.0
2016-07-09 06:00:00,0.0
2016-07-09 07:00:00,0.0
2016-07-09 08:00:00,0.0
2016-07-09 09:00:00,0.0
2016-07-09 10:00:00,0.0
2016-07-09 11:00:00,0.0
2016-07-09 12:00:00,0.0
2016-07-09 13:00:00,0.0
2016-07-09 14:00:00,93.5
2016-07-09 15:00:00,90.75
2016-07-09 16:00:00,83.53
2016-07-09 17:00:00,78.28
2016-07-09 18:00:00,76.29
2016-07-09 19:00:00,76.35
2016-07-09 20:00:00,72.51
2016-07-09 21:00:00,65.88
2016-07-09 22:00:00,60.61
2016-07-09 23:00:00,82.58
2016-07-10 00:00:00,85.89
2016-07-10 01:00:00,86.02
2016-07-10 02:00:00,87.68
2016-07-10 03:00:00,68.93
2016-07-10 04:00:00,67.21
2016-07-10 05:00:00,80.06
2016-07-10 06:00:00,68.13
2016-07-10 07:00:00,64.33
2016-07-10 08:00:00,71.46
2016-07-10 09:00:00,0.0
2016-07-10 10:00:00,0.0
2016-07-10 11:00:00,0.0
2016-07-10 12:00:00,0.0
2016-07-10 13:00:00,0.0
2016-07-10 14:00:00,0.0
2016-07-10 15:00:00,0.0
2016-07-10 16:00:00,106.66
2016-07-10 17:00:00,97.4
2016-07-10 18:00:00,94.89
2016-07-10 19:00:00,88.67
2016-07-10 20:00:00,86.41
2016-07-10 21:00:00,84.96
2016-07-10 22:00:00,79.69
2016-07-10 23:00:00,87.74
2016-07-11 00:00:00,85.25
2016-07-11 01:00:00,88.1
2016-07-11 02:00:00,81.39
2016-07-11 03:00:00,73.28
2016-07-11 04:00:00,87.68
2016-07-11 05:00:00,81.53
2016-07-11 06:00:00,65.74
2016-07-11 07:00:00,0.0
2016-07-11 08:00:00,0.0
2016-07-11 09:00:00,0.0
2016-07-11 10:00:00,0.0
2016-07-11 11:00:00,0.0
2016-07-11 12:00:00,0.0
2016-07-11 13:00:00,0.0
2016-07-11 14:00:00,0.0
2016-07-11 15:00:00,104.54
2016-07-11 16:00:00,95.16
2016-07-11 17:00:00,85.03
2016-07-11 18:00:00,77.44
2016-07-11 19:00:00,71.53
2016-07-11 20:00:00,67.95
2016-07-11 21:00:00,62.64
2016-07-11 22:00:00,59.96
2016-07-11 23:00:00,81.52
2016-07-12 00:00:00,85.14
2016-07-12 01:00:00,81.23
2016-07-12 02:00:00,88.34
2016-07-12 03:00:00,84.08
2016-07-12 04:00:00,71.96
2016-07-12 05:00:00,69.97
2016-07-12 06:00:00,77.57
2016-07-12 07:00:00,71.23
2016-07-12 08:00:00,64.75
2016-07-12 09:00:00,68.09
2016-07-12 10:00:00,63.23
2016-07-12 11:00:00,71.36
2016-07-12 12:00:00,73.91
2016-07-12 13:00:00,74.73
2016-07-12 14:00:00,75.02
2016-07-12 15:00:00,62.56
2016-07-12 16:00:00,74.08
2016-07-12 17:00:00,68.78
2016-07-12 18:00:00,0.0
2016-07-12 19:00:00,0.0
2016-07-12 20:00:00,0.0
2016-07-12 21:00:00,0.0
2016-07-12 22:00:00,0.0
2016-07-12 23:00:00,0.0
2016-07-13 00:00:00,0.0
2016-07-13 01:00:00,110.01
2016-07-13 02:00:00,107.47
2016-07-13 03:00:00,98.09
2016-07-13 04:00:00,97.12
2016-07-13 05:00:00,79.24
2016-07-13 06:00:00,74.75
2016-07-13 07:00:00,86.42
2016-07-13 08:00:00,84.6
2016-07-13 09:00:00,81.93
2016-07-13 10:00:00,80.46
2016-07-13 11:00:00,82.4
2016-07-13 12:00:00,83.29
2016-07-13 13:00:00,80.11
2016-07-13 14:00:00,79.6
2016-07-13 15:00:00,60.87
2016-07-13 16:00:00,0.0
2016-07-13 17:00:00,0.0
2016-07-13 18:00:00,0.0
2016-07-13 19:00:00,0.0
2016-07-13 20:00:00,0.0
2016-07-13 21:00:00,0.0
2016-07-13 22:00:00,0.0
2016-07-13 23:00:00,0.0
2016-07-14 00:00:00,91.02
2016-07-14 01:00:00,90.69
2016-07-14 02:00:00,90.63
2016-07-14 03:00:00,88.77
2016-07-14 04:00:00,69.1
2016-07-14 05:00:00,65.31
2016-07-14 06:00:00,80.81
2016-07-14 07:00:00,73.38
2016-07-14 08:00:00,61.63
2016-07-14 09:00:00,59.29
2016-07-14 10:00:00,78.45
2016-07-14 11:00:00,78.06
2016-07-14 12:00:00,78.64
2016-07-14 13:00:00,81.25
2016-07-14 14:00:00,78.72
2016-07-14 15:00:00,79.46
2016-07-14 16:00:00,57.86
2016-07-14 17:00:00,71.67
2016-07-14 18:00:00,71.71
2016-07-14 19:00:00,67.16
2016-07-14 20:00:00,65.1
2016-07-14 21:00:00,66.43
2016-07-14 22:00:00,69.27
2016-07-14 23:00:00,70.0
2016-07-15 00:00:00,74.42
2016-07-15 01:00:00,74.35
2016-07-15 02:00:00,79.49
2016-07-15 03:00:00,65.83
2016-07-15 04:00:00,60.89
2016-07-15 05:00:00,73.79
2016-07-15 06:00:00,0.0
2016-07-15 07:00:00,0.0
2016-07-15 08:00:00,0.0
2016-07-15 09:00:00,0.0
2016-07-15 10:00:00,0.0
2016-07-15 11:00:00,0.0
2016-07-15 12:00:00,0.0
2016-07-15 13:00:00,0.0
2016-07-15 14:00:00,111.46
2016-07-15 15:00:00,102.3
2016-07-15 16:00:00,98.25
2016-07-15 17:00:00,95.33
2016-07-15 18:00:00,91.34
2016-07-15 19:00:00,73.04
2016-07-15 20:00:00,82.74
2016-07-15 21:00:00,80.4
2016-07-15 22:00:00,83.99
2016-07-15 23:00:00,85.04
2016-07-16 00:00:00,87.97
2016-07-16 01:00:00,90.14
2016-07-16 02:00:00,88.54
2016-07-16 03:00:00,65.42
2016-07-16 04:00:00,66.54
2016-07-16 05:00:00,0.0
2016-07-16 06:00:00,0.0
2016-07-16 07:00:00,0.0
2016-07-16 08:00:00,0.0
2016-07-16 09:00:00,0.0
2016-07-16 10:00:00,0.0
2016-07-16 11:00:00,0.0
2016-07-16 12:00:00,0.0
2016-07-16 13:00:00,0.0
2016-07-16 14:00:00,92.49
2016-07-16 15:00:00,90.75
2016-07-16 16:00:00,89.03
2016-07-16 17:00:00,67.53
2016-07-16 18:00:00,80.71
2016-07-16 19:00:00,81.97
2016-07-16 20:00:00,66.47
2016-07-16 21:00:00,55.35
2016-07-16 22:00:00,59.45
2016-07-16 23:00:00,79.68
2016-07-17 00:00:00,83.29
2016-07-17 01:00:00,84.56
2016-07-17 02:00:00,84.71
2016-07-17 03:00:00,68.99
2016-07-17 04:00:00,71.3
2016-07-17 05:00:00,69.18
2016-07-17 06:00:00,81.37
2016-07-17 07:00:00,74.64
2016-07-17 08:00:00,57.91
2016-07-17 09:00:00,0.0
2016-07-17 10:00:00,0.0
2016-07-17 11:00:00,0.0
2016-07-17 12:00:00,0.0
2016-07-17 13:00:00,0.0
2016-07-17 14:00:00,0.0
2016-07-17 15:00:00,0.0
2016-07-17 16:00:00,109.65
2016-07-17 17:00:00,99.48
2016-07-17 18:00:00,93.21
2016-07-17 19:00:00,90.82
2016-07-17 20:00:00,88.47
2016-07-17 21:00:00,86.88
2016-07-17 22:00:00,87.89
2016-07-17 23:00:00,89.09
2016-07-18 00:00:00,88.65
2016-07-18 01:00:00,88.93
2016-07-18 02:00:00,90.98
2016-07-18 03:00:00,86.47
2016-07-18 04:00:00,74.5
2016-07-18 05:00:00,71.89
2016-07-18 06:00:00,80.04
2016-07-18 07:00:00,73.93
2016-07-18 08:00:00,0.0
2016-07-18 09:00:00,0.0
2016-07-18 10:00:00,0.0
2016-07-18 11:00:00,0.0
2016-07-18 12:00:00,0.0
2016-07-18 13:00:00,0.0
2016-07-18 14:00:00,105.99
2016-07-18 15:00:00,82.11
2016-07-18 16:00:00,80.47
2016-07-18 17:00:00,79.74
2016-07-18 18:00:00,73.29
2016-07-18 19:00:00,68.56
2016-07-18 20:00:00,64.71
2016-07-18 21:00:00,59.04
2016-07-18 22:00:00,68.13
2016-07-18 23:00:00,83.13
2016-07-19 00:00:00,85.89
2016-07-19 01:00:00,90.73
2016-07-19 02:00:00,87.83
2016-07-19 03:00:00,81.22
2016-07-19 04:00:00,62.81
2016-07-19 05:00:00,73.92
2016-07-19 06:00:00,79.45
2016-07-19 07:00:00,75.94
2016-07-19 08:00:00,68.51
2016-07-19 09:00:00,66.64
2016-07-19 10:00:00,69.15
2016-07-19 11:00:00,63.93
2016-07-19 12:00:00,68.89
2016-07-19 13:00:00,70.89
2016-07-19 14:00:00,70.77
2016-07-19 15:00:00,69.24
2016-07-19 16:00:00,68.21
2016-07-19 17:00:00,69.8
2016-07-19 18:00:00,0.0
2016-07-19 19:00:00,0.0
2016-07-19 20:00:00,0.0
2016-07-19 21:00:00,0.0
2016-07-19 22:00:00,0.0
2016-07-19 23:00:00,0.0
2016-07-20 00:00:00,0.0
2016-07-20 01:00:00,0.0
2016-07-20 02:00:00,109.14
2016-07-20 03:00:00,81.71
2016-07-20 04:00:00,80.51
2016-07-20 05:00:00,94.75
2016-07-20 06:00:00,94.86
2016-07-20 07:00:00,70.5
2016-07-20 08:00:00,82.21
2016-07-20 09:00:00,80.08
2016-07-20 10:00:00,80.81
2016-07-20 11:00:00,80.74
2016-07-20 12:00:00,84.59
2016-07-20 13:00:00,78.75
2016-07-20 14:00:00,82.98
2016-07-20 15:00:00,61.9
2016-07-20 16:00:00,0.0
2016-07-20 17:00:00,0.0
2016-07-20 18:00:00,0.0
2016-07-20 19:00:00,0.0
2016-07-20 20:00:00,0.0
2016-07-20 21:00:00,0.0
2016-07-20 22:00:00,0.0
2016-07-20 23:00:00,0.0
2016-07-21 00:00:00,88.56
2016-07-21 01:00:00,93.33
2016-07-21 02:00:00,91.2
2016-07-21 03:00:00,71.25
2016-07-21 04:00:00,66.12
2016-07-21 05:00:00,79.33
2016-07-21 06:00:00,78.1
2016-07-21 07:00:00,70.32
2016-07-21 08:00:00,45.18
2016-07-21 09:00:00,50.34
2016-07-21 10:00:00,73.35
2016-07-21 11:00:00,74.88
2016-07-21 12:00:00,74.35
2016-07-21 13:00:00,78.84
2016-07-21 14:00:00,77.03
2016-07-21 15:00:00,74.41
2016-07-21 16:00:00,63.04
2016-07-21 17:00:00,56.26
2016-07-21 18:00:00,66.79
2016-07-21 19:00:00,63.39
2016-07-21 20:00:00,62.01
2016-07-21 21:00:00,65.17
2016-07-21 22:00:00,65.58
2016-07-21 23:00:00,67.29
2016-07-22 00:00:00,71.89
2016-07-22 01:00:00,75.37
2016-07-22 02:00:00,77.16
2016-07-22 03:00:00,79.55
2016-07-22 04:00:00,62.38
2016-07-22 05:00:00,54.42
2016-07-22 06:00:00,0.0
2016-07-22 07:00:00,0.0
2016-07-22 08:00:00,0.0
2016-07-22 09:00:00,0.0
2016-07-22 10:00:00,0.0
2016-07-22 11:00:00,0.0
2016-07-22 12:00:00,0.0
2016-07-22 13:00:00,0.0
2016-07-22 14:00:00,86.81
2016-07-22 15:00:00,80.51
2016-07-22 16:00:00,79.93
2016-07-22 17:00:00,74.15
2016-07-22 18:00:00,77.97
2016-07-22 19:00:00,76.78
2016-07-22 20:00:00,78.46
2016-07-22 21:00:00,63.47
2016-07-22 22:00:00,60.52
2016-07-22 23:00:00,78.26
2016-07-23 00:00:00,82.38
2016-07-23 01:00:00,83.93
2016-07-23 02:00:00,83.8
2016-07-23 03:00:00,74.55
2016-07-23 04:00:00,66.07
2016-07-23 05:00:00,81.0
2016-07-23 06:00:00,79.44
2016-07-23 07:00:00,74.48
2016-07-23 08:00:00,56.77
2016-07-23 09:00:00,65.76
2016-07-23 10:00:00,62.91
2016-07-23 11:00:00,0.0
2016-07-23 12:00:00,0.0
2016-07-23 13:00:00,0.0
2016-07-23 14:00:00,0.0
2016-07-23 15:00:00,0.0
2016-07-23 16:00:00,0.0
2016-07-23 17:00:00,83.03
2016-07-23 18:00:00,79.96
2016-07-23 19:00:00,92.0
2016-07-23 20:00:00,88.94
2016-07-23 21:00:00,84.39
2016-07-23 22:00:00,86.29
2016-07-23 23:00:00,86.41
2016-07-24 00:00:00,91.17
2016-07-24 01:00:00,91.08
2016-07-24 02:00:00,92.2
2016-07-24 03:00:00,75.76
2016-07-24 04:00:00,73.46
2016-07-24 05:00:00,87.4
2016-07-24 06:00:00,66.8
2016-07-24 07:00:00,0.0
2016-07-24 08:00:00,0.0
2016-07-24 09:00:00,0.0
2016-07-24 10:00:00,0.0
2016-07-24 11:00:00,0.0
2016-07-24 12:00:00,0.0
2016-07-24 13:00:00,0.0
2016-07-24 14:00:00,0.0
2016-07-24 15:00:00,0.0
2016-07-24 16:00:00,91.67
2016-07-24 17:00:00,76.33
2016-07-24 18:00:00,73.84
2016-07-24 19:00:00,70.89
2016-07-24 20:00:00,66.99
2016-07-24 21:00:00,63.54
2016-07-24 22:00:00,84.31
2016-07-24 23:00:00,84.43
2016-07-25 00:00:00,80.73
2016-07-25 01:00:00,86.91
2016-07-25 02:00:00,88.54
2016-07-25 03:00:00,83.14
2016-07-25 04:00:00,71.81
2016-07-25 05:00:00,72.52
2016-07-25 06:00:00,77.19
2016-07-25 07:00:00,74.62
2016-07-25 08:00:00,56.13
2016-07-25 09:00:00,65.21
2016-07-25 10:00:00,65.35
2016-07-25 11:00:00,70.19
2016-07-25 12:00:00,74.59
2016-07-25 13:00:00,78.08
2016-07-25 14:00:00,76.15
2016-07-25 15:00:00,76.86
2016-07-25 16:00:00,69.38
2016-07-25 17:00:00,69.12
2016-07-25 18:00:00,67.62
2016-07-25 19:00:00,59.79
2016-07-25 20:00:00,63.66
2016-07-25 21:00:00,0.0
2016-07-25 22:00:00,0.0
2016-07-25 23:00:00,0.0
2016-07-26 00:00:00,0.0
2016-07-26 01:00:00,0.0
2016-07-26 02:00:00,0.0
2016-07-26 03:00:00,0.0
2016-07-26 04:00:00,0.0
2016-07-26 05:00:00,102.67
2016-07-26 06:00:00,85.4
2016-07-26 07:00:00,73.4
2016-07-26 08:00:00,86.62
2016-07-26 09:00:00,75.62
2016-07-26 10:00:00,74.37
2016-07-26 11:00:00,67.89
2016-07-26 12:00:00,68.55
2016-07-26 13:00:00,68.55
2016-07-26 14:00:00,62.78
2016-07-26 15:00:00,67.83
2016-07-26 16:00:00,59.21
2016-07-26 17:00:00,62.44
2016-07-26 18:00:00,59.42
2016-07-26 19:00:00,66.98
2016-07-26 20:00:00,65.63
2016-07-26 21:00:00,65.73
2016-07-26 22:00:00,66.84
2016-07-26 23:00:00,70.1
2016-07-27 00:00:00,71.16
2016-07-27 01:00:00,73.44
2016-07-27 02:00:00,67.78
2016-07-27 03:00:00,64.62
2016-07-27 04:00:00,79.25
2016-07-27 05:00:00,64.57
2016-07-27 06:00:00,0.0
2016-07-27 07:00:00,0.0
2016-07-27 08:00:00,0.0
2016-07-27 09:00:00,0.0
2016-07-27 10:00:00,0.0
2016-07-27 11:00:00,0.0
2016-07-27 12:00:00,0.0
2016-07-27 13:00:00,0.0
2016-07-27 14:00:00,0.0
2016-07-27 15:00:00,109.84
2016-07-27 16:00:00,102.3
2016-07-27 17:00:00,99.37
2016-07-27 18:00:00,96.93
2016-07-27 19:00:00,89.3
2016-07-27 20:00:00,87.69
2016-07-27 21:00:00,83.45
2016-07-27 22:00:00,82.36
2016-07-27 23:00:00,85.45
2016-07-28 00:00:00,87.06
2016-07-28 01:00:00,86.82
2016-07-28 02:00:00,80.08
2016-07-28 03:00:00,83.57
2016-07-28 04:00:00,85.9
2016-07-28 05:00:00,66.94
2016-07-28 06:00:00,0.0
2016-07-28 07:00:00,0.0
2016-07-28 08:00:00,0.0
2016-07-28 09:00:00,0.0
2016-07-28 10:00:00,0.0
2016-07-28 11:00:00,0.0
2016-07-28 12:00:00,0.0
2016-07-28 13:00:00,0.0
2016-07-28 14:00:00,0.0
2016-07-28 15:00:00,92.61
2016-07-28 16:00:00,84.14
2016-07-28 17:00:00,82.56
2016-07-28 18:00:00,77.94
2016-07-28 19:00:00,70.28
2016-07-28 20:00:00,68.28
2016-07-28 21:00:00,57.04
2016-07-28 22:00:00,68.39
2016-07-28 23:00:00,67.77
2016-07-29 00:00:00,80.73
2016-07-29 01:00:00,84.5
2016-07-29 02:00:00,85.5
2016-07-29 03:00:00,88.03
2016-07-29 04:00:00,63.79
2016-07-29 05:00:00,66.24
2016-07-29 06:00:00,80.62
2016-07-29 07:00:00,77.3
2016-07-29 08:00:00,71.02
2016-07-29 09:00:00,52.36
2016-07-29 10:00:00,65.5
2016-07-29 11:00:00,0.0
2016-07-29 12:00:00,0.0
2016-07-29 13:00:00,0.0
2016-07-29 14:00:00,0.0
2016-07-29 15:00:00,0.0
2016-07-29 16:00:00,0.0
2016-07-29 17:00:00,99.69
2016-07-29 18:00:00,98.23
2016-07-29 19:00:00,94.62
2016-07-29 20:00:00,87.29
2016-07-29 21:00:00,84.43
2016-07-29 22:00:00,82.81
2016-07-29 23:00:00,85.32
2016-07-30 00:00:00,89.57
2016-07-30 01:00:00,89.94
2016-07-30 02:00:00,91.52
2016-07-30 03:00:00,73.45
2016-07-30 04:00:00,73.73
2016-07-30 05:00:00,82.17
2016-07-30 06:00:00,79.25
2016-07-30 07:00:00,63.52
2016-07-30 08:00:00,0.0
2016-07-30 09:00:00,0.0
2016-07-30 10:00:00,0.0
2016-07-30 11:00:00,0.0
2016-07-30 12:00:00,0.0
2016-07-30 13:00:00,0.0
2016-07-30 14:00:00,0.0
2016-07-30 15:00:00,101.42
2016-07-30 16:00:00,104.34
2016-07-30 17:00:00,88.23
2016-07-30 18:00:00,82.2
2016-07-30 19:00:00,60.07
2016-07-30 20:00:00,67.28
2016-07-30 21:00:00,64.29
2016-07-30 22:00:00,59.34
2016-07-30 23:00:00,62.54
2016-07-31 00:00:00,85.07
2016-07-31 01:00:00,87.61
2016-07-31 02:00:00,89.24
2016-07-31 03:00:00,90.12
2016-07-31 04:00:00,74.12
2016-07-31 05:00:00,67.56
2016-07-31 06:00:00,78.66
2016-07-31 07:00:00,73.12
2016-07-31 08:00:00,73.14
2016-07-31 09:00:00,0.0
2016-07-31 10:00:00,0.0
2016-07-31 11:00:00,0.0
2016-07-31 12:00:00,0.0
2016-07-31 13:00:00,0.0
2016-07-31 14:00:00,0.0
2016-07-31 15:00:00,0.0
2016-07-31 16:00:00,106.65
2016-07-31 17:00:00,96.08
2016-07-31 18:00:00,93.55
2016-07-31 19:00:00,91.56
2016-07-31 20:00:00,86.67
2016-07-31 21:00:00,86.21
2016-07-31 22:00:00,84.21
2016-07-31 23:00:00,90.37
2016-08-01 00:00:00,90.43
2016-08-01 01:00:00,91.26
2016-08-01 02:00:00,95.56
2016-08-01 03:00:00,92.91
2016-08-01 04:00:00,68.6
2016-08-01 05:00:00,65.02
2016-08-01 06:00:00,82.92
2016-08-01 07:00:00,80.5
2016-08-01 08:00:00,0.0
2016-08-01 09:00:00,0.0
2016-08-01 10:00:00,0.0
2016-08-01 11:00:00,0.0
2016-08-01 12:00:00,0.0
2016-08-01 13:00:00,0.0
2016-08-01 14:00:00,0.0
2016-08-01 15:00:00,0.0
2016-08-01 16:00:00,96.38
2016-08-01 17:00:00,92.96
2016-08-01 18:00:00,85.23
2016-08-01 19:00:00,77.54
2016-08-01 20:00:00,67.17
2016-08-01 21:00:00,63.88
2016-08-01 22:00:00,58.52
2016-08-01 23:00:00,63.57
2016-08-02 00:00:00,81.86
2016-08-02 01:00:00,81.94
2016-08-02 02:00:00,83.98
2016-08-02 03:00:00,79.85
2016-08-02 04:00:00,71.71
2016-08-02 05:00:00,70.05
2016-08-02 06:00:00,83.43
2016-08-02 07:00:00,74.8
2016-08-02 08:00:00,72.83
2016-08-02 09:00:00,51.84
2016-08-02 10:00:00,65.5
2016-08-02 11:00:00,0.0
2016-08-02 12:00:00,0.0
2016-08-02 13:00:00,0.0
2016-08-02 14:00:00,0.0
2016-08-02 15:00:00,0.0
2016-08-02 16:00:00,0.0
2016-08-02 17:00:00,101.81
2016-08-02 18:00:00,96.52
2016-08-02 19:00:00,89.44
2016-08-02 20:00:00,88.76
2016-08-02 21:00:00,85.43
2016-08-02 22:00:00,79.36
2016-08-02 23:00:00,87.58
2016-08-03 00:00:00,84.72
2016-08-03 01:00:00,90.92
2016-08-03 02:00:00,91.7
2016-08-03 03:00:00,85.53
2016-08-03 04:00:00,73.43
2016-08-03 05:00:00,86.65
2016-08-03 06:00:00,79.75
2016-08-03 07:00:00,58.62
2016-08-03 08:00:00,0.0
2016-08-03 09:00:00,0.0
2016-08-03 10:00:00,0.0
2016-08-03 11:00:00,0.0
2016-08-03 12:00:00,0.0
2016-08-03 13:00:00,0.0
2016-08-03 14:00:00,0.0
2016-08-03 15:00:00,0.0
2016-08-03 16:00:00,91.84
2016-08-03 17:00:00,83.2
2016-08-03 18:00:00,85.42
2016-08-03 19:00:00,69.99
2016-08-03 20:00:00,67.2
2016-08-03 21:00:00,61.11
2016-08-03 22:00:00,75.79
2016-08-03 23:00:00,72.83
2016-08-04 00:00:00,87.65
2016-08-04 01:00:00,87.42
2016-08-04 02:00:00,87.55
2016-08-04 03:00:00,82.32
2016-08-04 04:00:00,66.54
2016-08-04 05:00:00,68.62
2016-08-04 06:00:00,78.51
2016-08-04 07:00:00,71.35
2016-08-04 08:00:00,59.55
2016-08-04 09:00:00,53.35
2016-08-04 10:00:00,66.72
2016-08-04 11:00:00,70.72
2016-08-04 12:00:00,72.36
2016-08-04 13:00:00,71.34
2016-08-04 14:00:00,71.9
2016-08-04 15:00:00,73.54
2016-08-04 16:00:00,71.71
2016-08-04 17:00:00,68.7
2016-08-04 18:00:00,74.82
2016-08-04 19:00:00,66.37
2016-08-04 20:00:00,0.0
2016-08-04 21:00:00,0.0
2016-08-04 22:00:00,0.0
2016-08-04 23:00:00,0.0
2016-08-05 00:00:00,0.0
2016-08-05 01:00:00,0.0
2016-08-05 02:00:00,0.0
2016-08-05 03:00:00,104.41
2016-08-05 04:00:00,88.52
2016-08-05 05:00:00,82.65
2016-08-05 06:00:00,90.38
2016-08-05 07:00:00,80.02
2016-08-05 08:00:00,67.95
2016-08-05 09:00:00,65.64
2016-08-05 10:00:00,64.11
2016-08-05 11:00:00,66.37
2016-08-05 12:00:00,65.48
2016-08-05 13:00:00,72.87
2016-08-05 14:00:00,63.85
2016-08-05 15:00:00,68.64
2016-08-05 16:00:00,62.69
2016-08-05 17:00:00,60.87
2016-08-05 18:00:00,58.04
2016-08-05 19:00:00,64.6
2016-08-05 20:00:00,64.33
2016-08-05 21:00:00,60.58
2016-08-05 22:00:00,65.2
2016-08-05 23:00:00,67.25
2016-08-06 00:00:00,71.14
2016-08-06 01:00:00,75.81
2016-08-06 02:00:00,77.3
2016-08-06 03:00:00,56.52
2016-08-06 04:00:00,70.57
2016-08-06 05:00:00,69.74
2016-08-06 06:00:00,55.52
2016-08-06 07:00:00,0.0
2016-08-06 08:00:00,0.0
2016-08-06 09:00:00,0.0
2016-08-06 10:00:00,0.0
2016-08-06 11:00:00,0.0
2016-08-06 12:00:00,0.0
2016-08-06 13:00:00,0.0
2016-08-06 14:00:00,0.0
2016-08-06 15:00:00,108.33
2016-08-06 16:00:00,79.17
2016-08-06 17:00:00,95.73
2016-08-06 18:00:00,94.46
2016-08-06 19:00:00,90.62
2016-08-06 20:00:00,87.98
2016-08-06 21:00:00,82.51
2016-08-06 22:00:00,81.07
2016-08-06 23:00:00,82.56
2016-08-07 00:00:00,87.5
2016-08-07 01:00:00,88.17
2016-08-07 02:00:00,88.42
2016-08-07 03:00:00,69.32
2016-08-07 04:00:00,72.07
2016-08-07 05:00:00,86.32
2016-08-07 06:00:00,0.0
2016-08-07 07:00:00,0.0
2016-08-07 08:00:00,0.0
2016-08-07 09:00:00,0.0
2016-08-07 10:00:00,0.0
2016-08-07 11:00:00,0.0
2016-08-07 12:00:00,0.0
2016-08-07 13:00:00,0.0
2016-08-07 14:00:00,0.0
2016-08-07 15:00:00,93.41
2016-08-07 16:00:00,91.0
2016-08-07 17:00:00,82.62
2016-08-07 18:00:00,72.39
2016-08-07 19:00:00,68.04
2016-08-07 20:00:00,68.34
2016-08-07 21:00:00,64.58
2016-08-07 22:00:00,80.01
2016-08-07 23:00:00,84.25
2016-08-08 00:00:00,81.5
2016-08-08 01:00:00,83.31
2016-08-08 02:00:00,87.5
2016-08-08 03:00:00,83.03
2016-08-08 04:00:00,71.98
2016-08-08 05:00:00,69.62
2016-08-08 06:00:00,79.46
2016-08-08 07:00:00,74.1
2016-08-08 08:00:00,72.36
2016-08-08 09:00:00,51.92
2016-08-08 10:00:00,63.54
2016-08-08 11:00:00,67.11
2016-08-08 12:00:00,65.29
2016-08-08 13:00:00,75.17
2016-08-08 14:00:00,72.24
2016-08-08 15:00:00,76.01
2016-08-08 16:00:00,75.72
2016-08-08 17:00:00,69.24
2016-08-08 18:00:00,54.18
2016-08-08 19:00:00,0.0
2016-08-08 20:00:00,0.0
2016-08-08 21:00:00,0.0
2016-08-08 22:00:00,0.0
2016-08-08 23:00:00,0.0
2016-08-09 00:00:00,0.0
2016-08-09 01:00:00,0.0
2016-08-09 02:00:00,0.0
2016-08-09 03:00:00,110.86
2016-08-09 04:00:00,104.0
2016-08-09 05:00:00,81.95
2016-08-09 06:00:00,91.28
2016-08-09 07:00:00,87.17
2016-08-09 08:00:00,87.64
2016-08-09 09:00:00,83.03
2016-08-09 10:00:00,81.6
2016-08-09 11:00:00,88.27
2016-08-09 12:00:00,85.65
2016-08-09 13:00:00,82.36
2016-08-09 14:00:00,83.02
2016-08-09 15:00:00,85.37
2016-08-09 16:00:00,78.52
2016-08-09 17:00:00,76.51
2016-08-09 18:00:00,59.61
2016-08-09 19:00:00,0.0
2016-08-09 20:00:00,0.0
2016-08-09 21:00:00,0.0
2016-08-09 22:00:00,0.0
2016-08-09 23:00:00,0.0
2016-08-10 00:00:00,0.0
2016-08-10 01:00:00,0.0
2016-08-10 02:00:00,95.3
2016-08-10 03:00:00,97.31
2016-08-10 04:00:00,76.88
2016-08-10 05:00:00,69.25
2016-08-10 06:00:00,82.7
2016-08-10 07:00:00,81.15
2016-08-10 08:00:00,70.75
2016-08-10 09:00:00,50.26
2016-08-10 10:00:00,55.37
2016-08-10 11:00:00,59.57
2016-08-10 12:00:00,62.05
2016-08-10 13:00:00,63.92
2016-08-10 14:00:00,58.95
2016-08-10 15:00:00,80.06
2016-08-10 16:00:00,74.94
2016-08-10 17:00:00,74.74
2016-08-10 18:00:00,62.23
2016-08-10 19:00:00,51.42
2016-08-10 20:00:00,66.54
2016-08-10 21:00:00,60.82
2016-08-10 22:00:00,65.16
2016-08-10 23:00:00,67.39
2016-08-11 00:00:00,69.96
2016-08-11 01:00:00,71.19
2016-08-11 02:00:00,75.75
2016-08-11 03:00:00,74.61
2016-08-11 04:00:00,66.09
2016-08-11 05:00:00,69.95
2016-08-11 06:00:00,0.0
2016-08-11 07:00:00,0.0
2016-08-11 08:00:00,0.0
2016-08-11 09:00:00,0.0
2016-08-11 10:00:00,0.0
2016-08-11 11:00:00,0.0
2016-08-11 12:00:00,0.0
2016-08-11 13:00:00,0.0
2016-08-11 14:00:00,0.0
2016-08-11 15:00:00,107.21
2016-08-11 16:00:00,92.44
2016-08-11 17:00:00,82.0
2016-08-11 18:00:00,78.39
2016-08-11 19:00:00,68.17
2016-08-11 20:00:00,56.43
2016-08-11 21:00:00,60.62
2016-08-11 22:00:00,59.14
2016-08-11 23:00:00,66.38
2016-08-12 00:00:00,84.4
2016-08-12 01:00:00,87.68
2016-08-12 02:00:00,88.33
2016-08-12 03:00:00,84.45
2016-08-12 04:00:00,76.14
2016-08-12 05:00:00,68.59
2016-08-12 06:00:00,77.37
2016-08-12 07:00:00,72.22
2016-08-12 08:00:00,72.75
2016-08-12 09:00:00,66.03
2016-08-12 10:00:00,66.19
2016-08-12 11:00:00,72.72
2016-08-12 12:00:00,70.8
2016-08-12 13:00:00,65.83
2016-08-12 14:00:00,76.8
2016-08-12 15:00:00,70.3
2016-08-12 16:00:00,0.0
2016-08-12 17:00:00,0.0
2016-08-12 18:00:00,0.0
2016-08-12 19:00:00,0.0
2016-08-12 20:00:00,0.0
2016-08-12 21:00:00,0.0
2016-08-12 22:00:00,0.0
2016-08-12 23:00:00,0.0
2016-08-13 00:00:00,111.0
2016-08-13 01:00:00,108.93
2016-08-13 02:00:00,106.92
2016-08-13 03:00:00,80.17
2016-08-13 04:00:00,82.35
2016-08-13 05:00:00,94.75
2016-08-13 06:00:00,91.02
2016-08-13 07:00:00,70.69
2016-08-13 08:00:00,84.32
2016-08-13 09:00:00,80.29
2016-08-13 10:00:00,0.0
2016-08-13 11:00:00,0.0
2016-08-13 12:00:00,0.0
2016-08-13 13:00:00,0.0
2016-08-13 14:00:00,0.0
2016-08-13 15:00:00,0.0
2016-08-13 16:00:00,92.91
2016-08-13 17:00:00,89.23
2016-08-13 18:00:00,70.73
2016-08-13 19:00:00,73.47
2016-08-13 20:00:00,69.2
2016-08-13 21:00:00,64.48
2016-08-13 22:00:00,65.14
2016-08-13 23:00:00,62.66
2016-08-14 00:00:00,87.35
2016-08-14 01:00:00,88.09
2016-08-14 02:00:00,87.67
2016-08-14 03:00:00,75.2
2016-08-14 04:00:00,73.01
2016-08-14 05:00:00,84.77
2016-08-14 06:00:00,79.29
2016-08-14 07:00:00,61.31
2016-08-14 08:00:00,62.03
2016-08-14 09:00:00,0.0
2016-08-14 10:00:00,0.0
2016-08-14 11:00:00,0.0
2016-08-14 12:00:00,0.0
2016-08-14 13:00:00,0.0
2016-08-14 14:00:00,0.0
2016-08-14 15:00:00,0.0
2016-08-14 16:00:00,110.26
2016-08-14 17:00:00,108.31
2016-08-14 18:00:00,93.25
2016-08-14 19:00:00,91.98
2016-08-14 20:00:00,88.39
2016-08-14 21:00:00,86.76
2016-08-14 22:00:00,86.53
2016-08-14 23:00:00,83.77
2016-08-15 00:00:00,85.82
2016-08-15 01:00:00,88.28
2016-08-15 02:00:00,94.78
2016-08-15 03:00:00,96.26
2016-08-15 04:00:00,70.28
2016-08-15 05:00:00,66.43
2016-08-15 06:00:00,83.94
2016-08-15 07:00:00,78.88
2016-08-15 08:00:00,0.0
2016-08-15 09:00:00,0.0
2016-08-15 10:00:00,0.0
2016-08-15 11:00:00,0.0
2016-08-15 12:00:00,0.0
2016-08-15 13:00:00,0.0
2016-08-15 14:00:00,0.0
2016-08-15 15:00:00,0.0
2016-08-15 16:00:00,97.19
2016-08-15 17:00:00,88.41
2016-08-15 18:00:00,81.71
2016-08-15 19:00:00,78.63
2016-08-15 20:00:00,69.9
2016-08-15 21:00:00,64.8
2016-08-15 22:00:00,63.21
2016-08-15 23:00:00,65.19
2016-08-16 00:00:00,74.77
2016-08-16 01:00:00,87.48
2016-08-16 02:00:00,88.8
2016-08-16 03:00:00,91.03
2016-08-16 04:00:00,83.92
2016-08-16 05:00:00,63.24
2016-08-16 06:00:00,62.17
2016-08-16 07:00:00,72.16
2016-08-16 08:00:00,69.07
2016-08-16 09:00:00,69.57
2016-08-16 10:00:00,69.78
2016-08-16 11:00:00,73.09
2016-08-16 12:00:00,72.12
2016-08-16 13:00:00,70.15
2016-08-16 14:00:00,66.36
2016-08-16 15:00:00,70.41
2016-08-16 16:00:00,69.19
2016-08-16 17:00:00,68.16
2016-08-16 18:00:00,68.68
2016-08-16 19:00:00,63.78
2016-08-16 20:00:00,0.0
2016-08-16 21:00:00,0.0
2016-08-16 22:00:00,0.0
2016-08-16 23:00:00,0.0
2016-08-17 00:00:00,0.0
2016-08-17 01:00:00,0.0
2016-08-17 02:00:00,0.0
2016-08-17 03:00:00,96.03
2016-08-17 04:00:00,87.58
2016-08-17 05:00:00,99.97
2016-08-17 06:00:00,96.77
2016-08-17 07:00:00,73.79
2016-08-17 08:00:00,87.92
2016-08-17 09:00:00,81.11
2016-08-17 10:00:00,80.06
2016-08-17 11:00:00,83.41
2016-08-17 12:00:00,80.47
2016-08-17 13:00:00,77.81
2016-08-17 14:00:00,72.71
2016-08-17 15:00:00,82.2
2016-08-17 16:00:00,77.98
2016-08-17 17:00:00,0.0
2016-08-17 18:00:00,0.0
2016-08-17 19:00:00,0.0
2016-08-17 20:00:00,0.0
2016-08-17 21:00:00,0.0
2016-08-17 22:00:00,0.0
2016-08-17 23:00:00,0.0
2016-08-18 00:00:00,0.0
2016-08-18 01:00:00,103.24
2016-08-18 02:00:00,102.14
2016-08-18 03:00:00,90.04
2016-08-18 04:00:00,71.2
2016-08-18 05:00:00,67.36
2016-08-18 06:00:00,79.66
2016-08-18 07:00:00,67.11
2016-08-18 08:00:00,62.83
2016-08-18 09:00:00,55.12
2016-08-18 10:00:00,54.12
2016-08-18 11:00:00,59.73
2016-08-18 12:00:00,68.3
2016-08-18 13:00:00,75.83
2016-08-18 14:00:00,77.27
2016-08-18 15:00:00,83.11
2016-08-18 16:00:00,74.01
2016-08-18 17:00:00,71.81
2016-08-18 18:00:00,68.78
2016-08-18 19:00:00,65.12
2016-08-18 20:00:00,49.06
2016-08-18 21:00:00,59.45
2016-08-18 22:00:00,66.47
2016-08-18 23:00:00,68.41
2016-08-19 00:00:00,68.57
2016-08-19 01:00:00,72.53
2016-08-19 02:00:00,73.99
2016-08-19 03:00:00,73.13
2016-08-19 04:00:00,59.31
2016-08-19 05:00:00,0.0
2016-08-19 06:00:00,0.0
2016-08-19 07:00:00,0.0
2016-08-19 08:00:00,0.0
2016-08-19 09:00:00,0.0
2016-08-19 10:00:00,0.0
2016-08-19 11:00:00,0.0
2016-08-19 12:00:00,0.0
2016-08-19 13:00:00,0.0
2016-08-19 14:00:00,91.15
2016-08-19 15:00:00,87.05
2016-08-19 16:00:00,86.98
2016-08-19 17:00:00,85.98
2016-08-19 18:00:00,82.43
2016-08-19 19:00:00,69.96
2016-08-19 20:00:00,63.28
2016-08-19 21:00:00,59.18
2016-08-19 22:00:00,60.4
2016-08-19 23:00:00,82.17
2016-08-20 00:00:00,83.83
2016-08-20 01:00:00,85.67
2016-08-20 02:00:00,81.42
2016-08-20 03:00:00,66.19
2016-08-20 04:00:00,80.98
2016-08-20 05:00:00,77.73
2016-08-20 06:00:00,65.66
2016-08-20 07:00:00,73.02
2016-08-20 08:00:00,68.37
2016-08-20 09:00:00,65.52
2016-08-20 10:00:00,63.59
2016-08-20 11:00:00,69.42
2016-08-20 12:00:00,68.82
2016-08-20 13:00:00,71.13
2016-08-20 14:00:00,67.87
2016-08-20 15:00:00,73.34
2016-08-20 16:00:00,73.93
2016-08-20 17:00:00,0.0
2016-08-20 18:00:00,0.0
2016-08-20 19:00:00,0.0
2016-08-20 20:00:00,0.0
2016-08-20 21:00:00,0.0
2016-08-20 22:00:00,0.0
2016-08-20 23:00:00,0.0
2016-08-21 00:00:00,0.0
2016-08-21 01:00:00,111.92
2016-08-21 02:00:00,112.25
2016-08-21 03:00:00,101.56
2016-08-21 04:00:00,82.5
2016-08-21 05:00:00,77.64
2016-08-21 06:00:00,92.07
2016-08-21 07:00:00,84.67
2016-08-21 08:00:00,62.92
2016-08-21 09:00:00,69.42
2016-08-21 10:00:00,65.73
2016-08-21 11:00:00,0.0
2016-08-21 12:00:00,0.0
2016-08-21 13:00:00,0.0
2016-08-21 14:00:00,0.0
2016-08-21 15:00:00,0.0
2016-08-21 16:00:00,0.0
2016-08-21 17:00:00,77.97
2016-08-21 18:00:00,79.88
2016-08-21 19:00:00,77.09
2016-08-21 20:00:00,72.89
2016-08-21 21:00:00,62.87
2016-08-21 22:00:00,83.32
2016-08-21 23:00:00,84.42
2016-08-22 00:00:00,82.37
2016-08-22 01:00:00,85.28
2016-08-22 02:00:00,88.1
2016-08-22 03:00:00,87.84
2016-08-22 04:00:00,83.01
2016-08-22 05:00:00,68.64
2016-08-22 06:00:00,85.24
2016-08-22 07:00:00,76.21
2016-08-22 08:00:00,72.18
2016-08-22 09:00:00,67.57
2016-08-22 10:00:00,66.86
2016-08-22 11:00:00,73.05
2016-08-22 12:00:00,71.69
2016-08-22 13:00:00,70.38
2016-08-22 14:00:00,71.67
2016-08-22 15:00:00,57.24
2016-08-22 16:00:00,72.15
2016-08-22 17:00:00,72.58
2016-08-22 18:00:00,66.12
2016-08-22 19:00:00,64.08
2016-08-22 20:00:00,0.0
2016-08-22 21:00:00,0.0
2016-08-22 22:00:00,0.0
2016-08-22 23:00:00,0.0
2016-08-23 00:00:00,0.0
2016-08-23 01:00:00,0.0
2016-08-23 02:00:00,0.0
2016-08-23 03:00:00,100.64
2016-08-23 04:00:00,84.95
2016-08-23 05:00:00,83.37
2016-08-23 06:00:00,92.9
2016-08-23 07:00:00,86.49
2016-08-23 08:00:00,84.03
2016-08-23 09:00:00,65.02
2016-08-23 10:00:00,76.48
2016-08-23 11:00:00,83.93
2016-08-23 12:00:00,84.27
2016-08-23 13:00:00,83.63
2016-08-23 14:00:00,83.97
2016-08-23 15:00:00,85.53
2016-08-23 16:00:00,77.35
2016-08-23 17:00:00,77.89
2016-08-23 18:00:00,61.01
2016-08-23 19:00:00,0.0
2016-08-23 20:00:00,0.0
2016-08-23 21:00:00,0.0
2016-08-23 22:00:00,0.0
2016-08-23 23:00:00,0.0
2016-08-24 00:00:00,0.0
2016-08-24 01:00:00,0.0
2016-08-24 02:00:00,96.55
2016-08-24 03:00:00,102.48
2016-08-24 04:00:00,77.45
2016-08-24 05:00:00,73.05
2016-08-24 06:00:00,66.59
2016-08-24 07:00:00,78.15
2016-08-24 08:00:00,77.66
2016-08-24 09:00:00,59.8
2016-08-24 10:00:00,59.67
2016-08-24 11:00:00,60.74
2016-08-24 12:00:00,62.58
2016-08-24 13:00:00,55.88
2016-08-24 14:00:00,58.45
2016-08-24 15:00:00,76.14
2016-08-24 16:00:00,75.63
2016-08-24 17:00:00,72.73
2016-08-24 18:00:00,73.12
2016-08-24 19:00:00,70.22
2016-08-24 20:00:00,65.15
2016-08-24 21:00:00,64.32
2016-08-24 22:00:00,66.25
2016-08-24 23:00:00,68.39
2016-08-25 00:00:00,70.17
2016-08-25 01:00:00,70.61
2016-08-25 02:00:00,68.56
2016-08-25 03:00:00,81.67
2016-08-25 04:00:00,73.73
2016-08-25 05:00:00,59.84
2016-08-25 06:00:00,0.0
2016-08-25 07:00:00,0.0
2016-08-25 08:00:00,0.0
2016-08-25 09:00:00,0.0
2016-08-25 10:00:00,0.0
2016-08-25 11:00:00,0.0
2016-08-25 12:00:00,0.0
2016-08-25 13:00:00,0.0
2016-08-25 14:00:00,110.03
2016-08-25 15:00:00,108.17
2016-08-25 16:00:00,106.53
2016-08-25 17:00:00,98.46
2016-08-25 18:00:00,74.68
2016-08-25 19:00:00,87.65
2016-08-25 20:00:00,83.15
2016-08-25 21:00:00,80.36
2016-08-25 22:00:00,77.05
2016-08-25 23:00:00,81.32
2016-08-26 00:00:00,81.51
2016-08-26 01:00:00,86.41
2016-08-26 02:00:00,87.98
2016-08-26 03:00:00,87.47
2016-08-26 04:00:00,72.19
2016-08-26 05:00:00,66.13
2016-08-26 06:00:00,0.0
2016-08-26 07:00:00,0.0
2016-08-26 08:00:00,0.0
2016-08-26 09:00:00,0.0
2016-08-26 10:00:00,0.0
2016-08-26 11:00:00,0.0
2016-08-26 12:00:00,0.0
2016-08-26 13:00:00,0.0
2016-08-26 14:00:00,0.0
2016-08-26 15:00:00,92.23
2016-08-26 16:00:00,83.87
2016-08-26 17:00:00,82.02
2016-08-26 18:00:00,78.32
2016-08-26 19:00:00,78.29
2016-08-26 20:00:00,63.67
2016-08-26 21:00:00,60.68
2016-08-26 22:00:00,52.09
2016-08-26 23:00:00,69.52
2016-08-27 00:00:00,83.38
2016-08-27 01:00:00,85.01
2016-08-27 02:00:00,85.32
2016-08-27 03:00:00,79.59
2016-08-27 04:00:00,66.39
2016-08-27 05:00:00,67.17
2016-08-27 06:00:00,76.37
2016-08-27 07:00:00,74.08
2016-08-27 08:00:00,58.51
2016-08-27 09:00:00,53.27
2016-08-27 10:00:00,0.0
2016-08-27 11:00:00,0.0
2016-08-27 12:00:00,0.0
2016-08-27 13:00:00,0.0
2016-08-27 14:00:00,0.0
2016-08-27 15:00:00,0.0
2016-08-27 16:00:00,99.74
2016-08-27 17:00:00,97.68
2016-08-27 18:00:00,95.84
2016-08-27 19:00:00,73.82
2016-08-27 20:00:00,85.94
2016-08-27 21:00:00,81.19
2016-08-27 22:00:00,80.35
2016-08-27 23:00:00,83.93
2016-08-28 00:00:00,87.57
2016-08-28 01:00:00,90.05
2016-08-28 02:00:00,95.01
2016-08-28 03:00:00,86.74
2016-08-28 04:00:00,69.91
2016-08-28 05:00:00,72.36
2016-08-28 06:00:00,0.0
2016-08-28 07:00:00,0.0
2016-08-28 08:00:00,0.0
2016-08-28 09:00:00,0.0
2016-08-28 10:00:00,0.0
2016-08-28 11:00:00,0.0
2016-08-28 12:00:00,0.0
2016-08-28 13:00:00,0.0
2016-08-28 14:00:00,0.0
2016-08-28 15:00:00,94.76
2016-08-28 16:00:00,94.44
2016-08-28 17:00:00,77.23
2016-08-28 18:00:00,74.08
2016-08-28 19:00:00,69.36
2016-08-28 20:00:00,65.69
2016-08-28 21:00:00,65.36
2016-08-28 22:00:00,84.87
2016-08-28 23:00:00,84.47
2016-08-29 00:00:00,86.03
2016-08-29 01:00:00,87.98
2016-08-29 02:00:00,90.37
2016-08-29 03:00:00,85.15
2016-08-29 04:00:00,74.04
2016-08-29 05:00:00,68.83
2016-08-29 06:00:00,78.78
2016-08-29 07:00:00,73.75
2016-08-29 08:00:00,69.36
2016-08-29 09:00:00,51.51
2016-08-29 10:00:00,64.71
2016-08-29 11:00:00,69.53
2016-08-29 12:00:00,71.03
2016-08-29 13:00:00,71.52
2016-08-29 14:00:00,76.14
2016-08-29 15:00:00,82.26
2016-08-29 16:00:00,71.75
2016-08-29 17:00:00,69.48
2016-08-29 18:00:00,53.35
2016-08-29 19:00:00,0.0
2016-08-29 20:00:00,0.0
2016-08-29 21:00:00,0.0
2016-08-29 22:00:00,0.0
2016-08-29 23:00:00,0.0
2016-08-30 00:00:00,0.0
2016-08-30 01:00:00,0.0
2016-08-30 02:00:00,109.21
2016-08-30 03:00:00,100.67
2016-08-30 04:00:00,83.19
2016-08-30 05:00:00,80.35
2016-08-30 06:00:00,90.24
2016-08-30 07:00:00,90.31
2016-08-30 08:00:00,87.35
2016-08-30 09:00:00,81.88
2016-08-30 10:00:00,79.63
2016-08-30 11:00:00,83.75
2016-08-30 12:00:00,83.65
2016-08-30 13:00:00,81.55
2016-08-30 14:00:00,73.22
2016-08-30 15:00:00,78.53
2016-08-30 16:00:00,76.03
2016-08-30 17:00:00,0.0
2016-08-30 18:00:00,0.0
2016-08-30 19:00:00,0.0
2016-08-30 20:00:00,0.0
2016-08-30 21:00:00,0.0
2016-08-30 22:00:00,0.0
2016-08-30 23:00:00,0.0
2016-08-31 00:00:00,0.0
2016-08-31 01:00:00,94.51
2016-08-31 02:00:00,98.22
2016-08-31 03:00:00,86.83
2016-08-31 04:00:00,73.32
2016-08-31 05:00:00,87.06
2016-08-31 06:00:00,81.25
2016-08-31 07:00:00,58.22
2016-08-31 08:00:00,46.31
2016-08-31 09:00:00,58.87
2016-08-31 10:00:00,51.54
2016-08-31 11:00:00,58.44
2016-08-31 12:00:00,73.82
2016-08-31 13:00:00,76.9
2016-08-31 14:00:00,78.04
2016-08-31 15:00:00,78.03
2016-08-31 16:00:00,72.0
2016-08-31 17:00:00,73.6
2016-08-31 18:00:00,70.71
2016-08-31 19:00:00,68.34
2016-08-31 20:00:00,64.92
2016-08-31 21:00:00,64.93
2016-08-31 22:00:00,61.99
2016-08-31 23:00:00,66.87
2016-09-01 00:00:00,68.58
2016-09-01 01:00:00,72.75
2016-09-01 02:00:00,69.94
2016-09-01 03:00:00,76.97
2016-09-01 04:00:00,78.82
2016-09-01 05:00:00,64.08
2016-09-01 06:00:00,0.0
2016-09-01 07:00:00,0.0
2016-09-01 08:00:00,0.0
2016-09-01 09:00:00,0.0
2016-09-01 10:00:00,0.0
2016-09-01 11:00:00,0.0
2016-09-01 12:00:00,0.0
2016-09-01 13:00:00,0.0
2016-09-01 14:00:00,0.0
2016-09-01 15:00:00,91.08
2016-09-01 16:00:00,89.15
2016-09-01 17:00:00,67.97
2016-09-01 18:00:00,75.34
2016-09-01 19:00:00,73.09
2016-09-01 20:00:00,65.12
2016-09-01 21:00:00,67.69
2016-09-01 22:00:00,64.6
2016-09-01 23:00:00,68.24
2016-09-02 00:00:00,81.93
2016-09-02 01:00:00,84.15
2016-09-02 02:00:00,83.68
2016-09-02 03:00:00,84.41
2016-09-02 04:00:00,69.15
2016-09-02 05:00:00,70.1
2016-09-02 06:00:00,75.47
2016-09-02 07:00:00,74.98
2016-09-02 08:00:00,71.83
2016-09-02 09:00:00,60.06
2016-09-02 10:00:00,64.49
2016-09-02 11:00:00,0.0
2016-09-02 12:00:00,0.0
2016-09-02 13:00:00,0.0
2016-09-02 14:00:00,0.0
2016-09-02 15:00:00,0.0
2016-09-02 16:00:00,0.0
2016-09-02 17:00:00,0.0
2016-09-02 18:00:00,103.12
2016-09-02 19:00:00,93.89
2016-09-02 20:00:00,91.76
2016-09-02 21:00:00,91.29
2016-09-02 22:00:00,92.23
2016-09-02 23:00:00,89.39
2016-09-03 00:00:00,93.26
2016-09-03 01:00:00,95.42
2016-09-03 02:00:00,95.59
2016-09-03 03:00:00,91.57
2016-09-03 04:00:00,76.93
2016-09-03 05:00:00,67.98
2016-09-03 06:00:00,81.23
2016-09-03 07:00:00,79.25
2016-09-03 08:00:00,0.0
2016-09-03 09:00:00,0.0
2016-09-03 10:00:00,0.0
2016-09-03 11:00:00,0.0
2016-09-03 12:00:00,0.0
2016-09-03 13:00:00,0.0
2016-09-03 14:00:00,0.0
2016-09-03 15:00:00,99.72
2016-09-03 16:00:00,74.06
2016-09-03 17:00:00,83.53
2016-09-03 18:00:00,79.72
2016-09-03 19:00:00,70.37
2016-09-03 20:00:00,66.5
2016-09-03 21:00:00,64.84
2016-09-03 22:00:00,60.68
2016-09-03 23:00:00,79.5
2016-09-04 00:00:00,83.62
2016-09-04 01:00:00,87.67
2016-09-04 02:00:00,88.08
2016-09-04 03:00:00,70.64
2016-09-04 04:00:00,72.58
2016-09-04 05:00:00,71.16
2016-09-04 06:00:00,83.12
2016-09-04 07:00:00,59.23
2016-09-04 08:00:00,55.06
2016-09-04 09:00:00,0.0
2016-09-04 10:00:00,0.0
2016-09-04 11:00:00,0.0
2016-09-04 12:00:00,0.0
2016-09-04 13:00:00,0.0
2016-09-04 14:00:00,0.0
2016-09-04 15:00:00,0.0
2016-09-04 16:00:00,105.98
2016-09-04 17:00:00,94.89
2016-09-04 18:00:00,93.02
2016-09-04 19:00:00,90.06
2016-09-04 20:00:00,84.29
2016-09-04 21:00:00,85.27
2016-09-04 22:00:00,82.17
2016-09-04 23:00:00,90.27
2016-09-05 00:00:00,90.6
2016-09-05 01:00:00,92.5
2016-09-05 02:00:00,90.9
2016-09-05 03:00:00,70.38
2016-09-05 04:00:00,69.05
2016-09-05 05:00:00,80.91
2016-09-05 06:00:00,78.4
2016-09-05 07:00:00,60.21
2016-09-05 08:00:00,0.0
2016-09-05 09:00:00,0.0
2016-09-05 10:00:00,0.0
2016-09-05 11:00:00,0.0
2016-09-05 12:00:00,0.0
2016-09-05 13:00:00,0.0
2016-09-05 14:00:00,0.0
2016-09-05 15:00:00,96.47
2016-09-05 16:00:00,90.52
2016-09-05 17:00:00,87.79
2016-09-05 18:00:00,66.73
2016-09-05 19:00:00,78.29
2016-09-05 20:00:00,65.91
2016-09-05 21:00:00,64.67
2016-09-05 22:00:00,63.04
2016-09-05 23:00:00,61.23
2016-09-06 00:00:00,81.36
2016-09-06 01:00:00,85.81
2016-09-06 02:00:00,85.11
2016-09-06 03:00:00,86.37
2016-09-06 04:00:00,87.85
2016-09-06 05:00:00,68.57
2016-09-06 06:00:00,76.26
2016-09-06 07:00:00,78.55
2016-09-06 08:00:00,77.62
2016-09-06 09:00:00,69.74
2016-09-06 10:00:00,65.46
2016-09-06 11:00:00,0.0
2016-09-06 12:00:00,0.0
2016-09-06 13:00:00,0.0
2016-09-06 14:00:00,0.0
2016-09-06 15:00:00,0.0
2016-09-06 16:00:00,0.0
2016-09-06 17:00:00,0.0
2016-09-06 18:00:00,0.0
2016-09-06 19:00:00,70.74
2016-09-06 20:00:00,73.99
2016-09-06 21:00:00,71.57
2016-09-06 22:00:00,72.05
2016-09-06 23:00:00,71.48
2016-09-07 00:00:00,70.27
2016-09-07 01:00:00,76.77
2016-09-07 02:00:00,80.98
2016-09-07 03:00:00,90.66
2016-09-07 04:00:00,75.07
2016-09-07 05:00:00,69.74
2016-09-07 06:00:00,82.0
2016-09-07 07:00:00,77.8
2016-09-07 08:00:00,62.38
2016-09-07 09:00:00,67.91
2016-09-07 10:00:00,68.62
2016-09-07 11:00:00,66.69
2016-09-07 12:00:00,68.85
2016-09-07 13:00:00,77.05
2016-09-07 14:00:00,73.34
2016-09-07 15:00:00,74.69
2016-09-07 16:00:00,71.58
2016-09-07 17:00:00,69.6
2016-09-07 18:00:00,69.3
2016-09-07 19:00:00,0.0
2016-09-07 20:00:00,0.0
2016-09-07 21:00:00,0.0
2016-09-07 22:00:00,0.0
2016-09-07 23:00:00,0.0
2016-09-08 00:00:00,0.0
2016-09-08 01:00:00,0.0
2016-09-08 02:00:00,0.0
2016-09-08 03:00:00,102.86
2016-09-08 04:00:00,100.47
2016-09-08 05:00:00,100.53
2016-09-08 06:00:00,81.08
2016-09-08 07:00:00,92.47
2016-09-08 08:00:00,90.54
2016-09-08 09:00:00,84.93
2016-09-08 10:00:00,87.21
2016-09-08 11:00:00,86.42
2016-09-08 12:00:00,85.4
2016-09-08 13:00:00,77.75
2016-09-08 14:00:00,82.12
2016-09-08 15:00:00,75.51
2016-09-08 16:00:00,77.93
2016-09-08 17:00:00,0.0
2016-09-08 18:00:00,0.0
2016-09-08 19:00:00,0.0
2016-09-08 20:00:00,0.0
2016-09-08 21:00:00,0.0
2016-09-08 22:00:00,0.0
2016-09-08 23:00:00,0.0
2016-09-09 00:00:00,0.0
2016-09-09 01:00:00,87.96
2016-09-09 02:00:00,91.24
2016-09-09 03:00:00,73.34
2016-09-09 04:00:00,84.82
2016-09-09 05:00:00,86.21
2016-09-09 06:00:00,64.9
2016-09-09 07:00:00,56.52
2016-09-09 08:00:00,62.36
2016-09-09 09:00:00,55.19
2016-09-09 10:00:00,55.06
2016-09-09 11:00:00,73.58
2016-09-09 12:00:00,74.68
2016-09-09 13:00:00,74.7
2016-09-09 14:00:00,76.55
2016-09-09 15:00:00,69.14
2016-09-09 16:00:00,71.04
2016-09-09 17:00:00,76.88
2016-09-09 18:00:00,72.53
2016-09-09 19:00:00,66.65
2016-09-09 20:00:00,65.97
2016-09-09 21:00:00,62.01
2016-09-09 22:00:00,66.52
2016-09-09 23:00:00,67.05
2016-09-10 00:00:00,69.66
2016-09-10 01:00:00,72.96
2016-09-10 02:00:00,77.31
2016-09-10 03:00:00,60.45
2016-09-10 04:00:00,79.54
2016-09-10 05:00:00,76.42
2016-09-10 06:00:00,0.0
2016-09-10 07:00:00,0.0
2016-09-10 08:00:00,0.0
2016-09-10 09:00:00,0.0
2016-09-10 10:00:00,0.0
2016-09-10 11:00:00,0.0
2016-09-10 12:00:00,0.0
2016-09-10 13:00:00,0.0
2016-09-10 14:00:00,102.53
2016-09-10 15:00:00,99.81
2016-09-10 16:00:00,69.49
2016-09-10 17:00:00,77.73
2016-09-10 18:00:00,79.6
2016-09-10 19:00:00,69.2
2016-09-10 20:00:00,65.68
2016-09-10 21:00:00,62.64
2016-09-10 22:00:00,66.56
2016-09-10 23:00:00,69.3
2016-09-11 00:00:00,83.46
2016-09-11 01:00:00,85.11
2016-09-11 02:00:00,84.81
2016-09-11 03:00:00,65.75
2016-09-11 04:00:00,71.16
2016-09-11 05:00:00,83.45
2016-09-11 06:00:00,81.6
2016-09-11 07:00:00,61.29
2016-09-11 08:00:00,57.84
2016-09-11 09:00:00,0.0
2016-09-11 10:00:00,0.0
2016-09-11 11:00:00,0.0
2016-09-11 12:00:00,0.0
2016-09-11 13:00:00,0.0
2016-09-11 14:00:00,0.0
2016-09-11 15:00:00,0.0
2016-09-11 16:00:00,106.2
2016-09-11 17:00:00,107.4
2016-09-11 18:00:00,95.76
2016-09-11 19:00:00,90.55
2016-09-11 20:00:00,85.52
2016-09-11 21:00:00,85.14
2016-09-11 22:00:00,84.57
2016-09-11 23:00:00,87.37
2016-09-12 00:00:00,84.75
2016-09-12 01:00:00,87.68
2016-09-12 02:00:00,90.31
2016-09-12 03:00:00,91.29
2016-09-12 04:00:00,72.92
2016-09-12 05:00:00,71.7
2016-09-12 06:00:00,80.73
2016-09-12 07:00:00,76.64
2016-09-12 08:00:00,0.0
2016-09-12 09:00:00,0.0
2016-09-12 10:00:00,0.0
2016-09-12 11:00:00,0.0
2016-09-12 12:00:00,0.0
2016-09-12 13:00:00,0.0
2016-09-12 14:00:00,0.0
2016-09-12 15:00:00,0.0
2016-09-12 16:00:00,99.33
2016-09-12 17:00:00,82.92
2016-09-12 18:00:00,64.37
2016-09-12 19:00:00,81.67
2016-09-12 20:00:00,70.68
2016-09-12 21:00:00,63.07
2016-09-12 22:00:00,67.56
2016-09-12 23:00:00,68.42
2016-09-13 00:00:00,67.0
2016-09-13 01:00:00,86.15
2016-09-13 02:00:00,88.74
2016-09-13 03:00:00,85.44
2016-09-13 04:00:00,72.57
2016-09-13 05:00:00,71.3
2016-09-13 06:00:00,76.26
2016-09-13 07:00:00,76.22
2016-09-13 08:00:00,69.84
2016-09-13 09:00:00,65.41
2016-09-13 10:00:00,67.61
2016-09-13 11:00:00,64.61
2016-09-13 12:00:00,70.02
2016-09-13 13:00:00,73.35
2016-09-13 14:00:00,75.37
2016-09-13 15:00:00,73.94
2016-09-13 16:00:00,66.83
2016-09-13 17:00:00,69.01
2016-09-13 18:00:00,53.24
2016-09-13 19:00:00,0.0
2016-09-13 20:00:00,0.0
2016-09-13 21:00:00,0.0
2016-09-13 22:00:00,0.0
2016-09-13 23:00:00,0.0
2016-09-14 00:00:00,0.0
2016-09-14 01:00:00,0.0
2016-09-14 02:00:00,110.76
2016-09-14 03:00:00,99.34
2016-09-14 04:00:00,97.81
2016-09-14 05:00:00,85.2
2016-09-14 06:00:00,77.8
2016-09-14 07:00:00,90.79
2016-09-14 08:00:00,86.14
2016-09-14 09:00:00,85.09
2016-09-14 10:00:00,82.75
2016-09-14 11:00:00,80.53
2016-09-14 12:00:00,84.42
2016-09-14 13:00:00,79.64
2016-09-14 14:00:00,81.04
2016-09-14 15:00:00,79.31
2016-09-14 16:00:00,78.51
2016-09-14 17:00:00,0.0
2016-09-14 18:00:00,0.0
2016-09-14 19:00:00,0.0
2016-09-14 20:00:00,0.0
2016-09-14 21:00:00,0.0
2016-09-14 22:00:00,0.0
2016-09-14 23:00:00,0.0
2016-09-15 00:00:00,0.0
2016-09-15 01:00:00,102.4
2016-09-15 02:00:00,95.03
2016-09-15 03:00:00,87.9
2016-09-15 04:00:00,91.02
2016-09-15 05:00:00,69.0
2016-09-15 06:00:00,68.53
2016-09-15 07:00:00,65.75
2016-09-15 08:00:00,58.29
2016-09-15 09:00:00,61.55
2016-09-15 10:00:00,67.99
2016-09-15 11:00:00,62.88
2016-09-15 12:00:00,78.25
2016-09-15 13:00:00,72.36
2016-09-15 14:00:00,70.32
2016-09-15 15:00:00,77.03
2016-09-15 16:00:00,73.9
2016-09-15 17:00:00,70.31
2016-09-15 18:00:00,71.47
2016-09-15 19:00:00,70.8
2016-09-15 20:00:00,70.88
2016-09-15 21:00:00,66.08
2016-09-15 22:00:00,64.12
2016-09-15 23:00:00,66.89
2016-09-16 00:00:00,70.83
2016-09-16 01:00:00,71.29
2016-09-16 02:00:00,67.12
2016-09-16 03:00:00,56.09
2016-09-16 04:00:00,78.81
2016-09-16 05:00:00,74.8
2016-09-16 06:00:00,0.0
2016-09-16 07:00:00,0.0
2016-09-16 08:00:00,0.0
2016-09-16 09:00:00,0.0
2016-09-16 10:00:00,0.0
2016-09-16 11:00:00,0.0
2016-09-16 12:00:00,0.0
2016-09-16 13:00:00,0.0
2016-09-16 14:00:00,0.0
2016-09-16 15:00:00,109.71
2016-09-16 16:00:00,98.93
2016-09-16 17:00:00,95.62
2016-09-16 18:00:00,74.41
2016-09-16 19:00:00,87.68
2016-09-16 20:00:00,84.39
2016-09-16 21:00:00,83.54
2016-09-16 22:00:00,84.23
2016-09-16 23:00:00,82.16
2016-09-17 00:00:00,88.61
2016-09-17 01:00:00,89.7
2016-09-17 02:00:00,90.42
2016-09-17 03:00:00,84.3
2016-09-17 04:00:00,73.1
2016-09-17 05:00:00,78.72
2016-09-17 06:00:00,0.0
2016-09-17 07:00:00,0.0
2016-09-17 08:00:00,0.0
2016-09-17 09:00:00,0.0
2016-09-17 10:00:00,0.0
2016-09-17 11:00:00,0.0
2016-09-17 12:00:00,0.0
2016-09-17 13:00:00,0.0
2016-09-17 14:00:00,95.06
2016-09-17 15:00:00,92.89
2016-09-17 16:00:00,89.02
2016-09-17 17:00:00,81.82
2016-09-17 18:00:00,84.96
2016-09-17 19:00:00,82.97
2016-09-17 20:00:00,63.85
2016-09-17 21:00:00,67.77
2016-09-17 22:00:00,52.71
2016-09-17 23:00:00,62.12
2016-09-18 00:00:00,83.31
2016-09-18 01:00:00,84.55
2016-09-18 02:00:00,85.18
2016-09-18 03:00:00,86.73
2016-09-18 04:00:00,68.58
2016-09-18 05:00:00,69.56
2016-09-18 06:00:00,81.65
2016-09-18 07:00:00,76.24
2016-09-18 08:00:00,59.5
2016-09-18 09:00:00,0.0
2016-09-18 10:00:00,0.0
2016-09-18 11:00:00,0.0
2016-09-18 12:00:00,0.0
2016-09-18 13:00:00,0.0
2016-09-18 14:00:00,0.0
2016-09-18 15:00:00,0.0
2016-09-18 16:00:00,105.06
2016-09-18 17:00:00,103.93
2016-09-18 18:00:00,103.23
2016-09-18 19:00:00,94.75
2016-09-18 20:00:00,92.1
2016-09-18 21:00:00,87.3
2016-09-18 22:00:00,85.96
2016-09-18 23:00:00,83.37
2016-09-19 00:00:00,87.97
2016-09-19 01:00:00,90.22
2016-09-19 02:00:00,90.62
2016-09-19 03:00:00,82.13
2016-09-19 04:00:00,69.81
2016-09-19 05:00:00,84.17
2016-09-19 06:00:00,81.71
2016-09-19 07:00:00,76.21
2016-09-19 08:00:00,0.0
2016-09-19 09:00:00,0.0
2016-09-19 10:00:00,0.0
2016-09-19 11:00:00,0.0
2016-09-19 12:00:00,0.0
2016-09-19 13:00:00,0.0
2016-09-19 14:00:00,0.0
2016-09-19 15:00:00,0.0
2016-09-19 16:00:00,101.41
2016-09-19 17:00:00,89.5
2016-09-19 18:00:00,68.58
2016-09-19 19:00:00,63.21
2016-09-19 20:00:00,74.46
2016-09-19 21:00:00,64.4
2016-09-19 22:00:00,61.26
2016-09-19 23:00:00,63.03
2016-09-20 00:00:00,68.91
2016-09-20 01:00:00,86.96
2016-09-20 02:00:00,86.64
2016-09-20 03:00:00,93.43
2016-09-20 04:00:00,86.74
2016-09-20 05:00:00,70.09
2016-09-20 06:00:00,62.4
2016-09-20 07:00:00,70.82
2016-09-20 08:00:00,69.03
2016-09-20 09:00:00,68.18
2016-09-20 10:00:00,66.41
2016-09-20 11:00:00,68.71
2016-09-20 12:00:00,72.89
2016-09-20 13:00:00,81.16
2016-09-20 14:00:00,76.11
2016-09-20 15:00:00,69.0
2016-09-20 16:00:00,68.97
2016-09-20 17:00:00,66.92
2016-09-20 18:00:00,0.0
2016-09-20 19:00:00,0.0
2016-09-20 20:00:00,0.0
2016-09-20 21:00:00,0.0
2016-09-20 22:00:00,0.0
2016-09-20 23:00:00,0.0
2016-09-21 00:00:00,0.0
2016-09-21 01:00:00,0.0
2016-09-21 02:00:00,95.77
2016-09-21 03:00:00,98.78
2016-09-21 04:00:00,98.07
2016-09-21 05:00:00,79.0
2016-09-21 06:00:00,75.13
2016-09-21 07:00:00,86.91
2016-09-21 08:00:00,86.86
2016-09-21 09:00:00,75.34
2016-09-21 10:00:00,60.34
2016-09-21 11:00:00,55.74
2016-09-21 12:00:00,59.88
2016-09-21 13:00:00,50.94
2016-09-21 14:00:00,60.57
2016-09-21 15:00:00,58.65
2016-09-21 16:00:00,53.98
2016-09-21 17:00:00,58.62
2016-09-21 18:00:00,60.25
2016-09-21 19:00:00,59.5
2016-09-21 20:00:00,44.02
2016-09-21 21:00:00,62.39
2016-09-21 22:00:00,65.13
2016-09-21 23:00:00,65.5
2016-09-22 00:00:00,69.48
2016-09-22 01:00:00,60.3
2016-09-22 02:00:00,69.79
2016-09-22 03:00:00,73.71
2016-09-22 04:00:00,77.71
2016-09-22 05:00:00,64.3
2016-09-22 06:00:00,0.0
2016-09-22 07:00:00,0.0
2016-09-22 08:00:00,0.0
2016-09-22 09:00:00,0.0
2016-09-22 10:00:00,0.0
2016-09-22 11:00:00,0.0
2016-09-22 12:00:00,0.0
2016-09-22 13:00:00,0.0
2016-09-22 14:00:00,109.99
2016-09-22 15:00:00,95.11
2016-09-22 16:00:00,98.0
2016-09-22 17:00:00,95.45
2016-09-22 18:00:00,93.38
2016-09-22 19:00:00,88.29
2016-09-22 20:00:00,85.23
2016-09-22 21:00:00,80.7
2016-09-22 22:00:00,86.56
2016-09-22 23:00:00,84.31
2016-09-23 00:00:00,85.79
2016-09-23 01:00:00,86.34
2016-09-23 02:00:00,89.77
2016-09-23 03:00:00,72.9
2016-09-23 04:00:00,67.34
2016-09-23 05:00:00,0.0
2016-09-23 06:00:00,0.0
2016-09-23 07:00:00,0.0
2016-09-23 08:00:00,0.0
2016-09-23 09:00:00,0.0
2016-09-23 10:00:00,0.0
2016-09-23 11:00:00,0.0
2016-09-23 12:00:00,0.0
2016-09-23 13:00:00,0.0
2016-09-23 14:00:00,93.27
2016-09-23 15:00:00,90.26
2016-09-23 16:00:00,82.77
2016-09-23 17:00:00,87.73
2016-09-23 18:00:00,69.17
2016-09-23 19:00:00,73.58
2016-09-23 20:00:00,75.57
2016-09-23 21:00:00,55.15
2016-09-23 22:00:00,64.55
2016-09-23 23:00:00,82.37
2016-09-24 00:00:00,81.96
2016-09-24 01:00:00,84.64
2016-09-24 02:00:00,84.83
2016-09-24 03:00:00,81.0
2016-09-24 04:00:00,71.26
2016-09-24 05:00:00,68.22
2016-09-24 06:00:00,76.13
2016-09-24 07:00:00,75.43
2016-09-24 08:00:00,69.6
2016-09-24 09:00:00,52.03
2016-09-24 10:00:00,0.0
2016-09-24 11:00:00,0.0
2016-09-24 12:00:00,0.0
2016-09-24 13:00:00,0.0
2016-09-24 14:00:00,0.0
2016-09-24 15:00:00,0.0
2016-09-24 16:00:00,100.53
2016-09-24 17:00:00,100.28
2016-09-24 18:00:00,95.26
2016-09-24 19:00:00,74.15
2016-09-24 20:00:00,86.16
2016-09-24 21:00:00,82.94
2016-09-24 22:00:00,81.66
2016-09-24 23:00:00,84.16
2016-09-25 00:00:00,85.86
2016-09-25 01:00:00,90.1
2016-09-25 02:00:00,93.8
2016-09-25 03:00:00,90.27
2016-09-25 04:00:00,74.58
2016-09-25 05:00:00,69.02
2016-09-25 06:00:00,0.0
2016-09-25 07:00:00,0.0
2016-09-25 08:00:00,0.0
2016-09-25 09:00:00,0.0
2016-09-25 10:00:00,0.0
2016-09-25 11:00:00,0.0
2016-09-25 12:00:00,0.0
2016-09-25 13:00:00,0.0
2016-09-25 14:00:00,0.0
2016-09-25 15:00:00,86.77
2016-09-25 16:00:00,84.37
2016-09-25 17:00:00,80.51
2016-09-25 18:00:00,71.88
2016-09-25 19:00:00,72.1
2016-09-25 20:00:00,68.62
2016-09-25 21:00:00,65.04
2016-09-25 22:00:00,81.37
2016-09-25 23:00:00,84.86
2016-09-26 00:00:00,85.88
2016-09-26 01:00:00,86.63
2016-09-26 02:00:00,90.75
2016-09-26 03:00:00,90.47
2016-09-26 04:00:00,69.55
2016-09-26 05:00:00,66.74
2016-09-26 06:00:00,78.15
2016-09-26 07:00:00,74.76
2016-09-26 08:00:00,54.36
2016-09-26 09:00:00,55.36
2016-09-26 10:00:00,67.48
2016-09-26 11:00:00,73.35
2016-09-26 12:00:00,72.55
2016-09-26 13:00:00,72.57
2016-09-26 14:00:00,71.83
2016-09-26 15:00:00,71.66
2016-09-26 16:00:00,64.78
2016-09-26 17:00:00,64.08
2016-09-26 18:00:00,67.61
2016-09-26 19:00:00,0.0
2016-09-26 20:00:00,0.0
2016-09-26 21:00:00,0.0
2016-09-26 22:00:00,0.0
2016-09-26 23:00:00,0.0
2016-09-27 00:00:00,0.0
2016-09-27 01:00:00,0.0
2016-09-27 02:00:00,0.0
2016-09-27 03:00:00,109.57
2016-09-27 04:00:00,86.83
2016-09-27 05:00:00,79.57
2016-09-27 06:00:00,98.83
2016-09-27 07:00:00,89.41
2016-09-27 08:00:00,89.71
2016-09-27 09:00:00,80.87
2016-09-27 10:00:00,82.23
2016-09-27 11:00:00,83.11
2016-09-27 12:00:00,84.64
2016-09-27 13:00:00,73.38
2016-09-27 14:00:00,80.34
2016-09-27 15:00:00,84.51
2016-09-27 16:00:00,78.17
2016-09-27 17:00:00,77.22
2016-09-27 18:00:00,0.0
2016-09-27 19:00:00,0.0
2016-09-27 20:00:00,0.0
2016-09-27 21:00:00,0.0
2016-09-27 22:00:00,0.0
2016-09-27 23:00:00,0.0
2016-09-28 00:00:00,0.0
2016-09-28 01:00:00,93.54
2016-09-28 02:00:00,103.36
2016-09-28 03:00:00,102.31
2016-09-28 04:00:00,73.87
2016-09-28 05:00:00,69.97
2016-09-28 06:00:00,81.51
2016-09-28 07:00:00,76.13
2016-09-28 08:00:00,69.06
2016-09-28 09:00:00,44.81
2016-09-28 10:00:00,54.01
2016-09-28 11:00:00,59.9
2016-09-28 12:00:00,58.0
2016-09-28 13:00:00,78.22
2016-09-28 14:00:00,77.23
2016-09-28 15:00:00,72.03
2016-09-28 16:00:00,77.11
2016-09-28 17:00:00,71.4
2016-09-28 18:00:00,71.1
2016-09-28 19:00:00,69.05
2016-09-28 20:00:00,65.26
2016-09-28 21:00:00,63.7
2016-09-28 22:00:00,65.69
2016-09-28 23:00:00,68.94
2016-09-29 00:00:00,73.25
2016-09-29 01:00:00,76.43
2016-09-29 02:00:00,71.81
2016-09-29 03:00:00,57.3
2016-09-29 04:00:00,72.18
2016-09-29 05:00:00,71.53
2016-09-29 06:00:00,0.0
2016-09-29 07:00:00,0.0
2016-09-29 08:00:00,0.0
2016-09-29 09:00:00,0.0
2016-09-29 10:00:00,0.0
2016-09-29 11:00:00,0.0
2016-09-29 12:00:00,0.0
2016-09-29 13:00:00,0.0
2016-09-29 14:00:00,0.0
2016-09-29 15:00:00,90.04
2016-09-29 16:00:00,83.27
2016-09-29 17:00:00,87.22
2016-09-29 18:00:00,84.12
2016-09-29 19:00:00,81.45
2016-09-29 20:00:00,58.43
2016-09-29 21:00:00,64.25
2016-09-29 22:00:00,64.73
2016-09-29 23:00:00,65.91
2016-09-30 00:00:00,83.66
2016-09-30 01:00:00,84.2
2016-09-30 02:00:00,85.7
2016-09-30 03:00:00,82.73
2016-09-30 04:00:00,73.69
2016-09-30 05:00:00,65.62
2016-09-30 06:00:00,80.35
2016-09-30 07:00:00,74.91
2016-09-30 08:00:00,67.46
2016-09-30 09:00:00,65.29
2016-09-30 10:00:00,65.58
2016-09-30 11:00:00,68.78
2016-09-30 12:00:00,63.38
2016-09-30 13:00:00,63.46
2016-09-30 14:00:00,69.85
2016-09-30 15:00:00,72.13
2016-09-30 16:00:00,71.58
2016-09-30 17:00:00,71.95
2016-09-30 18:00:00,0.0
2016-09-30 19:00:00,0.0
2016-09-30 20:00:00,0.0
2016-09-30 21:00:00,0.0
2016-09-30 22:00:00,0.0
2016-09-30 23:00:00,0.0
2016-10-01 00:00:00,0.0
2016-10-01 01:00:00,0.0
2016-10-01 02:00:00,110.92
2016-10-01 03:00:00,102.48
2016-10-01 04:00:00,99.14
2016-10-01 05:00:00,79.34
2016-10-01 06:00:00,90.16
2016-10-01 07:00:00,90.15
2016-10-01 08:00:00,85.09
2016-10-01 09:00:00,80.71
2016-10-01 10:00:00,77.94
2016-10-01 11:00:00,84.88
2016-10-01 12:00:00,76.83
2016-10-01 13:00:00,82.77
2016-10-01 14:00:00,84.36
2016-10-01 15:00:00,83.24
2016-10-01 16:00:00,0.0
2016-10-01 17:00:00,0.0
2016-10-01 18:00:00,0.0
2016-10-01 19:00:00,0.0
2016-10-01 20:00:00,0.0
2016-10-01 21:00:00,0.0
2016-10-01 22:00:00,0.0
2016-10-01 23:00:00,0.0
2016-10-02 00:00:00,0.0
2016-10-02 01:00:00,94.75
2016-10-02 02:00:00,97.69
2016-10-02 03:00:00,90.04
2016-10-02 04:00:00,72.52
2016-10-02 05:00:00,67.97
2016-10-02 06:00:00,80.21
2016-10-02 07:00:00,78.46
2016-10-02 08:00:00,76.34
2016-10-02 09:00:00,48.77
2016-10-02 10:00:00,54.19
2016-10-02 11:00:00,50.54
2016-10-02 12:00:00,55.13
2016-10-02 13:00:00,53.72
2016-10-02 14:00:00,72.3
2016-10-02 15:00:00,72.75
2016-10-02 16:00:00,72.44
2016-10-02 17:00:00,69.69
2016-10-02 18:00:00,68.64
2016-10-02 19:00:00,66.89
2016-10-02 20:00:00,65.78
2016-10-02 21:00:00,63.82
2016-10-02 22:00:00,68.68
2016-10-02 23:00:00,69.1
2016-10-03 00:00:00,70.73
2016-10-03 01:00:00,72.35
2016-10-03 02:00:00,70.87
2016-10-03 03:00:00,75.66
2016-10-03 04:00:00,65.37
2016-10-03 05:00:00,62.56
2016-10-03 06:00:00,76.25
2016-10-03 07:00:00,0.0
2016-10-03 08:00:00,0.0
2016-10-03 09:00:00,0.0
2016-10-03 10:00:00,0.0
2016-10-03 11:00:00,0.0
2016-10-03 12:00:00,0.0
2016-10-03 13:00:00,0.0
2016-10-03 14:00:00,0.0
2016-10-03 15:00:00,107.99
2016-10-03 16:00:00,99.41
2016-10-03 17:00:00,95.41
2016-10-03 18:00:00,94.14
2016-10-03 19:00:00,87.63
2016-10-03 20:00:00,83.58
2016-10-03 21:00:00,65.56
2016-10-03 22:00:00,84.65
2016-10-03 23:00:00,80.97
2016-10-04 00:00:00,81.89
2016-10-04 01:00:00,87.82
2016-10-04 02:00:00,89.08
2016-10-04 03:00:00,84.35
2016-10-04 04:00:00,86.27
2016-10-04 05:00:00,68.24
2016-10-04 06:00:00,0.0
2016-10-04 07:00:00,0.0
2016-10-04 08:00:00,0.0
2016-10-04 09:00:00,0.0
2016-10-04 10:00:00,0.0
2016-10-04 11:00:00,0.0
2016-10-04 12:00:00,0.0
2016-10-04 13:00:00,0.0
2016-10-04 14:00:00,93.47
2016-10-04 15:00:00,83.65
2016-10-04 16:00:00,81.25
2016-10-04 17:00:00,80.42
2016-10-04 18:00:00,60.3
2016-10-04 19:00:00,76.0
2016-10-04 20:00:00,73.59
2016-10-04 21:00:00,69.18
2016-10-04 22:00:00,63.99
2016-10-04 23:00:00,79.84
2016-10-05 00:00:00,80.45
2016-10-05 01:00:00,84.9
2016-10-05 02:00:00,83.73
2016-10-05 03:00:00,82.96
2016-10-05 04:00:00,86.31
2016-10-05 05:00:00,67.2
2016-10-05 06:00:00,80.84
2016-10-05 07:00:00,78.21
2016-10-05 08:00:00,80.0
2016-10-05 09:00:00,70.4
2016-10-05 10:00:00,66.79
2016-10-05 11:00:00,70.6
2016-10-05 12:00:00,72.8
2016-10-05 13:00:00,63.7
2016-10-05 14:00:00,62.81
2016-10-05 15:00:00,71.23
2016-10-05 16:00:00,70.62
2016-10-05 17:00:00,0.0
2016-10-05 18:00:00,0.0
2016-10-05 19:00:00,0.0
2016-10-05 20:00:00,0.0
2016-10-05 21:00:00,0.0
2016-10-05 22:00:00,0.0
2016-10-05 23:00:00,0.0
2016-10-06 00:00:00,0.0
2016-10-06 01:00:00,107.05
2016-10-06 02:00:00,107.78
2016-10-06 03:00:00,82.21
2016-10-06 04:00:00,96.62
2016-10-06 05:00:00,95.25
2016-10-06 06:00:00,77.22
2016-10-06 07:00:00,70.29
2016-10-06 08:00:00,81.01
2016-10-06 09:00:00,77.16
2016-10-06 10:00:00,75.95
2016-10-06 11:00:00,80.65
2016-10-06 12:00:00,77.24
2016-10-06 13:00:00,81.84
2016-10-06 14:00:00,75.31
2016-10-06 15:00:00,0.0
2016-10-06 16:00:00,0.0
2016-10-06 17:00:00,0.0
2016-10-06 18:00:00,0.0
2016-10-06 19:00:00,0.0
2016-10-06 20:00:00,0.0
2016-10-06 21:00:00,0.0
2016-10-06 22:00:00,0.0
2016-10-06 23:00:00,84.59
2016-10-07 00:00:00,92.98
2016-10-07 01:00:00,95.08
2016-10-07 02:00:00,94.34
2016-10-07 03:00:00,96.77
2016-10-07 04:00:00,87.22
2016-10-07 05:00:00,77.15
2016-10-07 06:00:00,57.5
2016-10-07 07:00:00,68.1
2016-10-07 08:00:00,68.89
2016-10-07 09:00:00,73.85
2016-10-07 10:00:00,72.49
2016-10-07 11:00:00,75.95
2016-10-07 12:00:00,78.31
2016-10-07 13:00:00,74.84
2016-10-07 14:00:00,74.85
2016-10-07 15:00:00,69.63
2016-10-07 16:00:00,68.95
2016-10-07 17:00:00,69.38
2016-10-07 18:00:00,69.34
2016-10-07 19:00:00,70.83
2016-10-07 20:00:00,65.29
2016-10-07 21:00:00,68.46
2016-10-07 22:00:00,69.0
2016-10-07 23:00:00,67.99
2016-10-08 00:00:00,70.37
2016-10-08 01:00:00,73.27
2016-10-08 02:00:00,67.09
2016-10-08 03:00:00,55.39
2016-10-08 04:00:00,77.31
2016-10-08 05:00:00,74.89
2016-10-08 06:00:00,0.0
2016-10-08 07:00:00,0.0
2016-10-08 08:00:00,0.0
2016-10-08 09:00:00,0.0
2016-10-08 10:00:00,0.0
2016-10-08 11:00:00,0.0
2016-10-08 12:00:00,0.0
2016-10-08 13:00:00,0.0
2016-10-08 14:00:00,0.0
2016-10-08 15:00:00,113.27
2016-10-08 16:00:00,101.25
2016-10-08 17:00:00,99.5
2016-10-08 18:00:00,94.55
2016-10-08 19:00:00,73.64
2016-10-08 20:00:00,85.63
2016-10-08 21:00:00,81.11
2016-10-08 22:00:00,83.18
2016-10-08 23:00:00,84.72
2016-10-09 00:00:00,87.02
2016-10-09 01:00:00,88.95
2016-10-09 02:00:00,94.49
2016-10-09 03:00:00,90.82
2016-10-09 04:00:00,70.33
2016-10-09 05:00:00,0.0
2016-10-09 06:00:00,0.0
2016-10-09 07:00:00,0.0
2016-10-09 08:00:00,0.0
2016-10-09 09:00:00,0.0
2016-10-09 10:00:00,0.0
2016-10-09 11:00:00,0.0
2016-10-09 12:00:00,0.0
2016-10-09 13:00:00,0.0
2016-10-09 14:00:00,0.0
2016-10-09 15:00:00,118.23
2016-10-09 16:00:00,109.39
2016-10-09 17:00:00,100.83
2016-10-09 18:00:00,98.34
2016-10-09 19:00:00,93.76
2016-10-09 20:00:00,92.63
2016-10-09 21:00:00,89.91
2016-10-09 22:00:00,86.23
2016-10-09 23:00:00,91.83
2016-10-10 00:00:00,94.12
2016-10-10 01:00:00,96.34
2016-10-10 02:00:00,98.3
2016-10-10 03:00:00,89.86
2016-10-10 04:00:00,70.21
2016-10-10 05:00:00,68.42
2016-10-10 06:00:00,0.0
2016-10-10 07:00:00,0.0
2016-10-10 08:00:00,0.0
2016-10-10 09:00:00,0.0
2016-10-10 10:00:00,0.0
2016-10-10 11:00:00,0.0
2016-10-10 12:00:00,0.0
2016-10-10 13:00:00,0.0
2016-10-10 14:00:00,112.43
2016-10-10 15:00:00,112.78
2016-10-10 16:00:00,102.69
2016-10-10 17:00:00,83.82
2016-10-10 18:00:00,98.38
2016-10-10 19:00:00,95.05
2016-10-10 20:00:00,90.7
2016-10-10 21:00:00,85.81
2016-10-10 22:00:00,90.61
2016-10-10 23:00:00,85.97
2016-10-11 00:00:00,89.74
2016-10-11 01:00:00,89.76
2016-10-11 02:00:00,90.6
2016-10-11 03:00:00,71.13
2016-10-11 04:00:00,0.0
2016-10-11 05:00:00,0.0
2016-10-11 06:00:00,0.0
2016-10-11 07:00:00,0.0
2016-10-11 08:00:00,0.0
2016-10-11 09:00:00,0.0
2016-10-11 10:00:00,0.0
2016-10-11 11:00:00,0.0
2016-10-11 12:00:00,0.0
2016-10-11 13:00:00,0.0
2016-10-11 14:00:00,122.39
2016-10-11 15:00:00,118.45
2016-10-11 16:00:00,113.79
2016-10-11 17:00:00,102.55
2016-10-11 18:00:00,81.35
2016-10-11 19:00:00,90.07
2016-10-11 20:00:00,90.83
2016-10-11 21:00:00,67.27
2016-10-11 22:00:00,61.99
2016-10-11 23:00:00,78.15
2016-10-12 00:00:00,80.8
2016-10-12 01:00:00,75.74
2016-10-12 02:00:00,78.46
2016-10-12 03:00:00,77.95
2016-10-12 04:00:00,55.86
2016-10-12 05:00:00,49.82
2016-10-12 06:00:00,66.61
2016-10-12 07:00:00,63.89
2016-10-12 08:00:00,60.4
2016-10-12 09:00:00,52.13
2016-10-12 10:00:00,46.58
2016-10-12 11:00:00,55.69
2016-10-12 12:00:00,47.25
2016-10-12 13:00:00,62.13
2016-10-12 14:00:00,67.5
2016-10-12 15:00:00,67.18
2016-10-12 16:00:00,68.47
2016-10-12 17:00:00,67.01
2016-10-12 18:00:00,66.0
2016-10-12 19:00:00,65.22
2016-10-12 20:00:00,61.46
2016-10-12 21:00:00,0.0
2016-10-12 22:00:00,0.0
2016-10-12 23:00:00,0.0
2016-10-13 00:00:00,0.0
2016-10-13 01:00:00,0.0
2016-10-13 02:00:00,0.0
2016-10-13 03:00:00,0.0
2016-10-13 04:00:00,101.63
2016-10-13 05:00:00,79.66
2016-10-13 06:00:00,77.33
2016-10-13 07:00:00,93.79
2016-10-13 08:00:00,86.99
2016-10-13 09:00:00,80.36
2016-10-13 10:00:00,80.05
2016-10-13 11:00:00,79.2
2016-10-13 12:00:00,75.41
2016-10-13 13:00:00,80.22
2016-10-13 14:00:00,79.25
2016-10-13 15:00:00,80.52
2016-10-13 16:00:00,77.02
2016-10-13 17:00:00,80.66
2016-10-13 18:00:00,0.0
2016-10-13 19:00:00,0.0
2016-10-13 20:00:00,0.0
2016-10-13 21:00:00,0.0
2016-10-13 22:00:00,0.0
2016-10-13 23:00:00,0.0
2016-10-14 00:00:00,0.0
2016-10-14 01:00:00,0.0
2016-10-14 02:00:00,89.35
2016-10-14 03:00:00,77.5
2016-10-14 04:00:00,92.24
2016-10-14 05:00:00,84.59
2016-10-14 06:00:00,65.49
2016-10-14 07:00:00,76.25
2016-10-14 08:00:00,66.16
2016-10-14 09:00:00,58.3
2016-10-14 10:00:00,55.18
2016-10-14 11:00:00,60.52
2016-10-14 12:00:00,60.17
2016-10-14 13:00:00,65.64
2016-10-14 14:00:00,77.31
2016-10-14 15:00:00,80.69
2016-10-14 16:00:00,75.71
2016-10-14 17:00:00,72.79
2016-10-14 18:00:00,72.1
2016-10-14 19:00:00,51.47
2016-10-14 20:00:00,64.87
2016-10-14 21:00:00,64.96
2016-10-14 22:00:00,66.77
2016-10-14 23:00:00,69.02
2016-10-15 00:00:00,72.3
2016-10-15 01:00:00,77.08
2016-10-15 02:00:00,77.96
2016-10-15 03:00:00,76.31
2016-10-15 04:00:00,61.79
2016-10-15 05:00:00,70.78
2016-10-15 06:00:00,0.0
2016-10-15 07:00:00,0.0
2016-10-15 08:00:00,0.0
2016-10-15 09:00:00,0.0
2016-10-15 10:00:00,0.0
2016-10-15 11:00:00,0.0
2016-10-15 12:00:00,0.0
2016-10-15 13:00:00,0.0
2016-10-15 14:00:00,93.23
2016-10-15 15:00:00,91.48
2016-10-15 16:00:00,90.96
2016-10-15 17:00:00,85.14
2016-10-15 18:00:00,85.62
2016-10-15 19:00:00,82.5
2016-10-15 20:00:00,66.67
2016-10-15 21:00:00,60.64
2016-10-15 22:00:00,58.95
2016-10-15 23:00:00,80.44
2016-10-16 00:00:00,83.75
2016-10-16 01:00:00,85.47
2016-10-16 02:00:00,85.68
2016-10-16 03:00:00,68.93
2016-10-16 04:00:00,70.93
2016-10-16 05:00:00,84.6
2016-10-16 06:00:00,67.93
2016-10-16 07:00:00,60.34
2016-10-16 08:00:00,70.62
2016-10-16 09:00:00,0.0
2016-10-16 10:00:00,0.0
2016-10-16 11:00:00,0.0
2016-10-16 12:00:00,0.0
2016-10-16 13:00:00,0.0
2016-10-16 14:00:00,0.0
2016-10-16 15:00:00,0.0
2016-10-16 16:00:00,106.59
2016-10-16 17:00:00,104.27
2016-10-16 18:00:00,92.72
2016-10-16 19:00:00,88.96
2016-10-16 20:00:00,87.45
2016-10-16 21:00:00,86.42
2016-10-16 22:00:00,82.02
2016-10-16 23:00:00,85.91
2016-10-17 00:00:00,85.89
2016-10-17 01:00:00,86.63
2016-10-17 02:00:00,88.94
2016-10-17 03:00:00,94.84
2016-10-17 04:00:00,73.32
2016-10-17 05:00:00,67.11
2016-10-17 06:00:00,78.39
2016-10-17 07:00:00,74.62
2016-10-17 08:00:00,71.14
2016-10-17 09:00:00,0.0
2016-10-17 10:00:00,0.0
2016-10-17 11:00:00,0.0
2016-10-17 12:00:00,0.0
2016-10-17 13:00:00,0.0
2016-10-17 14:00:00,0.0
2016-10-17 15:00:00,0.0
2016-10-17 16:00:00,86.05
2016-10-17 17:00:00,87.08
2016-10-17 18:00:00,78.27
2016-10-17 19:00:00,78.15
2016-10-17 20:00:00,62.4
2016-10-17 21:00:00,63.8
2016-10-17 22:00:00,65.59
2016-10-17 23:00:00,72.21
2016-10-18 00:00:00,73.63
2016-10-18 01:00:00,76.0
2016-10-18 02:00:00,86.78
2016-10-18 03:00:00,81.74
2016-10-18 04:00:00,67.43
2016-10-18 05:00:00,81.65
2016-10-18 06:00:00,74.46
2016-10-18 07:00:00,63.48
2016-10-18 08:00:00,60.29
2016-10-18 09:00:00,72.74
2016-10-18 10:00:00,0.0
2016-10-18 11:00:00,0.0
2016-10-18 12:00:00,0.0
2016-10-18 13:00:00,0.0
2016-10-18 14:00:00,0.0
2016-10-18 15:00:00,0.0
2016-10-18 16:00:00,109.55
2016-10-18 17:00:00,98.74
2016-10-18 18:00:00,95.75
2016-10-18 19:00:00,92.21
2016-10-18 20:00:00,87.69
2016-10-18 21:00:00,83.81
2016-10-18 22:00:00,84.19
2016-10-18 23:00:00,87.23
2016-10-19 00:00:00,84.94
2016-10-19 01:00:00,90.3
2016-10-19 02:00:00,78.86
2016-10-19 03:00:00,80.19
2016-10-19 04:00:00,81.89
2016-10-19 05:00:00,83.5
2016-10-19 06:00:00,67.08
2016-10-19 07:00:00,0.0
2016-10-19 08:00:00,0.0
2016-10-19 09:00:00,0.0
2016-10-19 10:00:00,0.0
2016-10-19 11:00:00,0.0
2016-10-19 12:00:00,0.0
2016-10-19 13:00:00,0.0
2016-10-19 14:00:00,0.0
2016-10-19 15:00:00,99.57
2016-10-19 16:00:00,97.24
2016-10-19 17:00:00,83.06
2016-10-19 18:00:00,80.67
2016-10-19 19:00:00,65.19
2016-10-19 20:00:00,69.99
2016-10-19 21:00:00,49.98
2016-10-19 22:00:00,61.12
2016-10-19 23:00:00,80.87
2016-10-20 00:00:00,85.01
2016-10-20 01:00:00,86.1
2016-10-20 02:00:00,89.94
2016-10-20 03:00:00,84.65
2016-10-20 04:00:00,83.81
2016-10-20 05:00:00,63.44
2016-10-20 06:00:00,59.97
2016-10-20 07:00:00,72.86
2016-10-20 08:00:00,70.3
2016-10-20 09:00:00,51.84
2016-10-20 10:00:00,0.0
2016-10-20 11:00:00,0.0
2016-10-20 12:00:00,0.0
2016-10-20 13:00:00,0.0
2016-10-20 14:00:00,0.0
2016-10-20 15:00:00,0.0
2016-10-20 16:00:00,0.0
2016-10-20 17:00:00,108.72
2016-10-20 18:00:00,95.88
2016-10-20 19:00:00,95.44
2016-10-20 20:00:00,93.13
2016-10-20 21:00:00,89.8
2016-10-20 22:00:00,86.32
2016-10-20 23:00:00,87.73
2016-10-21 00:00:00,89.64
2016-10-21 01:00:00,88.87
2016-10-21 02:00:00,89.59
2016-10-21 03:00:00,80.5
2016-10-21 04:00:00,88.75
2016-10-21 05:00:00,81.18
2016-10-21 06:00:00,66.51
2016-10-21 07:00:00,0.0
2016-10-21 08:00:00,0.0
2016-10-21 09:00:00,0.0
2016-10-21 10:00:00,0.0
2016-10-21 11:00:00,0.0
2016-10-21 12:00:00,0.0
2016-10-21 13:00:00,0.0
2016-10-21 14:00:00,0.0
2016-10-21 15:00:00,94.11
2016-10-21 16:00:00,86.31
2016-10-21 17:00:00,86.28
2016-10-21 18:00:00,81.16
2016-10-21 19:00:00,67.89
2016-10-21 20:00:00,72.93
2016-10-21 21:00:00,60.03
2016-10-21 22:00:00,63.48
2016-10-21 23:00:00,82.59
2016-10-22 00:00:00,82.85
2016-10-22 01:00:00,84.4
2016-10-22 02:00:00,87.26
2016-10-22 03:00:00,82.52
2016-10-22 04:00:00,70.82
2016-10-22 05:00:00,81.75
2016-10-22 06:00:00,76.47
2016-10-22 07:00:00,76.17
2016-10-22 08:00:00,54.13
2016-10-22 09:00:00,66.6
2016-10-22 10:00:00,62.52
2016-10-22 11:00:00,69.12
2016-10-22 12:00:00,69.48
2016-10-22 13:00:00,71.22
2016-10-22 14:00:00,81.41
2016-10-22 15:00:00,72.75
2016-10-22 16:00:00,56.04
2016-10-22 17:00:00,69.35
2016-10-22 18:00:00,0.0
2016-10-22 19:00:00,0.0
2016-10-22 20:00:00,0.0
2016-10-22 21:00:00,0.0
2016-10-22 22:00:00,0.0
2016-10-22 23:00:00,0.0
2016-10-23 00:00:00,0.0
2016-10-23 01:00:00,107.89
2016-10-23 02:00:00,110.67
2016-10-23 03:00:00,87.14
2016-10-23 04:00:00,81.49
2016-10-23 05:00:00,95.09
2016-10-23 06:00:00,91.97
2016-10-23 07:00:00,66.39
2016-10-23 08:00:00,57.6
2016-10-23 09:00:00,61.65
2016-10-23 10:00:00,58.71
2016-10-23 11:00:00,53.71
2016-10-23 12:00:00,59.82
2016-10-23 13:00:00,58.59
2016-10-23 14:00:00,64.72
2016-10-23 15:00:00,65.58
2016-10-23 16:00:00,65.66
2016-10-23 17:00:00,48.5
2016-10-23 18:00:00,45.03
2016-10-23 19:00:00,65.31
2016-10-23 20:00:00,63.84
2016-10-23 21:00:00,64.82
2016-10-23 22:00:00,65.12
2016-10-23 23:00:00,69.08
2016-10-24 00:00:00,69.38
2016-10-24 01:00:00,76.96
2016-10-24 02:00:00,74.32
2016-10-24 03:00:00,74.77
2016-10-24 04:00:00,76.63
2016-10-24 05:00:00,73.38
2016-10-24 06:00:00,0.0
2016-10-24 07:00:00,0.0
2016-10-24 08:00:00,0.0
2016-10-24 09:00:00,0.0
2016-10-24 10:00:00,0.0
2016-10-24 11:00:00,0.0
2016-10-24 12:00:00,0.0
2016-10-24 13:00:00,0.0
2016-10-24 14:00:00,0.0
2016-10-24 15:00:00,91.97
2016-10-24 16:00:00,85.54
2016-10-24 17:00:00,78.79
2016-10-24 18:00:00,83.16
2016-10-24 19:00:00,82.79
2016-10-24 20:00:00,75.04
2016-10-24 21:00:00,54.94
2016-10-24 22:00:00,63.04
2016-10-24 23:00:00,65.74
2016-10-25 00:00:00,83.24
2016-10-25 01:00:00,84.12
2016-10-25 02:00:00,84.47
2016-10-25 03:00:00,79.8
2016-10-25 04:00:00,86.55
2016-10-25 05:00:00,67.81
2016-10-25 06:00:00,63.39
2016-10-25 07:00:00,73.57
2016-10-25 08:00:00,70.79
2016-10-25 09:00:00,67.0
2016-10-25 10:00:00,65.32
2016-10-25 11:00:00,69.57
2016-10-25 12:00:00,71.54
2016-10-25 13:00:00,62.55
2016-10-25 14:00:00,68.88
2016-10-25 15:00:00,67.19
2016-10-25 16:00:00,68.57
2016-10-25 17:00:00,0.0
2016-10-25 18:00:00,0.0
2016-10-25 19:00:00,0.0
2016-10-25 20:00:00,0.0
2016-10-25 21:00:00,0.0
2016-10-25 22:00:00,0.0
2016-10-25 23:00:00,0.0
2016-10-26 00:00:00,0.0
2016-10-26 01:00:00,107.39
2016-10-26 02:00:00,107.12
2016-10-26 03:00:00,81.93
2016-10-26 04:00:00,79.63
2016-10-26 05:00:00,94.04
2016-10-26 06:00:00,93.4
2016-10-26 07:00:00,86.29
2016-10-26 08:00:00,66.66
2016-10-26 09:00:00,78.09
2016-10-26 10:00:00,0.0
2016-10-26 11:00:00,0.0
2016-10-26 12:00:00,0.0
2016-10-26 13:00:00,0.0
2016-10-26 14:00:00,0.0
2016-10-26 15:00:00,0.0
2016-10-26 16:00:00,99.79
2016-10-26 17:00:00,87.06
2016-10-26 18:00:00,84.39
2016-10-26 19:00:00,65.24
2016-10-26 20:00:00,70.47
2016-10-26 21:00:00,64.8
2016-10-26 22:00:00,66.83
2016-10-26 23:00:00,66.63
2016-10-27 00:00:00,75.99
2016-10-27 01:00:00,91.77
2016-10-27 02:00:00,89.92
2016-10-27 03:00:00,94.97
2016-10-27 04:00:00,75.42
2016-10-27 05:00:00,64.96
2016-10-27 06:00:00,74.72
2016-10-27 07:00:00,76.34
2016-10-27 08:00:00,69.15
2016-10-27 09:00:00,53.52
2016-10-27 10:00:00,66.87
2016-10-27 11:00:00,68.37
2016-10-27 12:00:00,72.26
2016-10-27 13:00:00,73.61
2016-10-27 14:00:00,72.5
2016-10-27 15:00:00,72.63
2016-10-27 16:00:00,53.87
2016-10-27 17:00:00,0.0
2016-10-27 18:00:00,0.0
2016-10-27 19:00:00,0.0
2016-10-27 20:00:00,0.0
2016-10-27 21:00:00,0.0
2016-10-27 22:00:00,0.0
2016-10-27 23:00:00,0.0
2016-10-28 00:00:00,0.0
2016-10-28 01:00:00,110.77
2016-10-28 02:00:00,107.05
2016-10-28 03:00:00,99.85
2016-10-28 04:00:00,86.03
2016-10-28 05:00:00,97.4
2016-10-28 06:00:00,92.64
2016-10-28 07:00:00,74.51
2016-10-28 08:00:00,58.67
2016-10-28 09:00:00,65.19
2016-10-28 10:00:00,58.55
2016-10-28 11:00:00,59.49
2016-10-28 12:00:00,59.92
2016-10-28 13:00:00,60.77
2016-10-28 14:00:00,68.03
2016-10-28 15:00:00,64.6
2016-10-28 16:00:00,68.17
2016-10-28 17:00:00,56.31
2016-10-28 18:00:00,51.01
2016-10-28 19:00:00,43.21
2016-10-28 20:00:00,50.82
2016-10-28 21:00:00,60.14
2016-10-28 22:00:00,60.85
2016-10-28 23:00:00,64.31
2016-10-29 00:00:00,69.47
2016-10-29 01:00:00,75.31
2016-10-29 02:00:00,75.77
2016-10-29 03:00:00,78.24
2016-10-29 04:00:00,61.55
2016-10-29 05:00:00,58.25
2016-10-29 06:00:00,0.0
2016-10-29 07:00:00,0.0
2016-10-29 08:00:00,0.0
2016-10-29 09:00:00,0.0
2016-10-29 10:00:00,0.0
2016-10-29 11:00:00,0.0
2016-10-29 12:00:00,0.0
2016-10-29 13:00:00,0.0
2016-10-29 14:00:00,97.0
2016-10-29 15:00:00,105.92
2016-10-29 16:00:00,95.2
2016-10-29 17:00:00,95.16
2016-10-29 18:00:00,94.09
2016-10-29 19:00:00,90.63
2016-10-29 20:00:00,88.53
2016-10-29 21:00:00,83.07
2016-10-29 22:00:00,82.27
2016-10-29 23:00:00,85.48
2016-10-30 00:00:00,89.27
2016-10-30 01:00:00,88.52
2016-10-30 02:00:00,78.5
2016-10-30 03:00:00,72.13
2016-10-30 04:00:00,86.81
2016-10-30 05:00:00,0.0
2016-10-30 06:00:00,0.0
2016-10-30 07:00:00,0.0
2016-10-30 08:00:00,0.0
2016-10-30 09:00:00,0.0
2016-10-30 10:00:00,0.0
2016-10-30 11:00:00,0.0
2016-10-30 12:00:00,0.0
2016-10-30 13:00:00,0.0
2016-10-30 14:00:00,0.0
2016-10-30 15:00:00,118.97
2016-10-30 16:00:00,115.35
2016-10-30 17:00:00,100.46
2016-10-30 18:00:00,97.44
2016-10-30 19:00:00,96.44
2016-10-30 20:00:00,91.92
2016-10-30 21:00:00,90.9
2016-10-30 22:00:00,94.7
2016-10-30 23:00:00,94.63
2016-10-31 00:00:00,90.63
2016-10-31 01:00:00,93.77
2016-10-31 02:00:00,86.16
2016-10-31 03:00:00,91.69
2016-10-31 04:00:00,87.0
2016-10-31 05:00:00,69.08
2016-10-31 06:00:00,0.0
2016-10-31 07:00:00,0.0
2016-10-31 08:00:00,0.0
2016-10-31 09:00:00,0.0
2016-10-31 10:00:00,0.0
2016-10-31 11:00:00,0.0
2016-10-31 12:00:00,0.0
2016-10-31 13:00:00,0.0
2016-10-31 14:00:00,0.0
2016-10-31 15:00:00,114.03
2016-10-31 16:00:00,114.58
2016-10-31 17:00:00,102.87
2016-10-31 18:00:00,99.98
2016-10-31 19:00:00,99.49
2016-10-31 20:00:00,97.42
2016-10-31 21:00:00,94.63
2016-10-31 22:00:00,93.24
2016-10-31 23:00:00,94.22
2016-11-01 00:00:00,94.83
2016-11-01 01:00:00,94.56
2016-11-01 02:00:00,94.08
2016-11-01 03:00:00,72.05
2016-11-01 04:00:00,75.93
2016-11-01 05:00:00,0.0
2016-11-01 06:00:00,0.0
2016-11-01 07:00:00,0.0
2016-11-01 08:00:00,0.0
2016-11-01 09:00:00,0.0
2016-11-01 10:00:00,0.0
2016-11-01 11:00:00,0.0
2016-11-01 12:00:00,0.0
2016-11-01 13:00:00,0.0
2016-11-01 14:00:00,121.29
2016-11-01 15:00:00,108.73
2016-11-01 16:00:00,105.32
2016-11-01 17:00:00,86.85
2016-11-01 18:00:00,81.74
2016-11-01 19:00:00,77.2
2016-11-01 20:00:00,72.11
2016-11-01 21:00:00,72.53
2016-11-01 22:00:00,68.47
2016-11-01 23:00:00,67.85
2016-11-02 00:00:00,70.78
2016-11-02 01:00:00,80.67
2016-11-02 02:00:00,74.69
2016-11-02 03:00:00,76.11
2016-11-02 04:00:00,57.36
2016-11-02 05:00:00,68.46
2016-11-02 06:00:00,60.71
2016-11-02 07:00:00,37.34
2016-11-02 08:00:00,41.61
2016-11-02 09:00:00,39.35
2016-11-02 10:00:00,59.21
2016-11-02 11:00:00,67.24
2016-11-02 12:00:00,64.85
2016-11-02 13:00:00,71.34
2016-11-02 14:00:00,71.15
2016-11-02 15:00:00,77.47
2016-11-02 16:00:00,70.37
2016-11-02 17:00:00,68.99
2016-11-02 18:00:00,67.65
2016-11-02 19:00:00,66.04
2016-11-02 20:00:00,64.3
2016-11-02 21:00:00,63.22
2016-11-02 22:00:00,68.51
2016-11-02 23:00:00,70.62
2016-11-03 00:00:00,73.02
2016-11-03 01:00:00,76.25
2016-11-03 02:00:00,74.83
2016-11-03 03:00:00,75.46
2016-11-03 04:00:00,62.5
2016-11-03 05:00:00,0.0
2016-11-03 06:00:00,0.0
2016-11-03 07:00:00,0.0
2016-11-03 08:00:00,0.0
2016-11-03 09:00:00,0.0
2016-11-03 10:00:00,0.0
2016-11-03 11:00:00,0.0
2016-11-03 12:00:00,0.0
2016-11-03 13:00:00,0.0
2016-11-03 14:00:00,92.26
2016-11-03 15:00:00,90.44
2016-11-03 16:00:00,92.61
2016-11-03 17:00:00,72.51
2016-11-03 18:00:00,80.19
2016-11-03 19:00:00,74.64
2016-11-03 20:00:00,67.44
2016-11-03 21:00:00,56.95
2016-11-03 22:00:00,60.0
2016-11-03 23:00:00,61.73
2016-11-04 00:00:00,81.67
2016-11-04 01:00:00,81.21
2016-11-04 02:00:00,84.36
2016-11-04 03:00:00,80.89
2016-11-04 04:00:00,72.65
2016-11-04 05:00:00,73.0
2016-11-04 06:00:00,74.94
2016-11-04 07:00:00,58.41
2016-11-04 08:00:00,68.01
2016-11-04 09:00:00,64.83
2016-11-04 10:00:00,63.16
2016-11-04 11:00:00,0.0
2016-11-04 12:00:00,0.0
2016-11-04 13:00:00,0.0
2016-11-04 14:00:00,0.0
2016-11-04 15:00:00,0.0
2016-11-04 16:00:00,0.0
2016-11-04 17:00:00,0.0
2016-11-04 18:00:00,99.41
2016-11-04 19:00:00,93.72
2016-11-04 20:00:00,90.95
2016-11-04 21:00:00,90.02
2016-11-04 22:00:00,91.87
2016-11-04 23:00:00,89.98
2016-11-05 00:00:00,90.75
2016-11-05 01:00:00,94.89
2016-11-05 02:00:00,87.5
2016-11-05 03:00:00,74.67
2016-11-05 04:00:00,85.66
2016-11-05 05:00:00,83.97
2016-11-05 06:00:00,81.97
2016-11-05 07:00:00,64.91
2016-11-05 08:00:00,0.0
2016-11-05 09:00:00,0.0
2016-11-05 10:00:00,0.0
2016-11-05 11:00:00,0.0
2016-11-05 12:00:00,0.0
2016-11-05 13:00:00,0.0
2016-11-05 14:00:00,0.0
2016-11-05 15:00:00,97.43
2016-11-05 16:00:00,101.21
2016-11-05 17:00:00,84.06
2016-11-05 18:00:00,81.31
2016-11-05 19:00:00,60.39
2016-11-05 20:00:00,75.3
2016-11-05 21:00:00,70.65
2016-11-05 22:00:00,69.78
2016-11-05 23:00:00,63.95
2016-11-06 00:00:00,69.12
2016-11-06 01:00:00,86.59
2016-11-06 02:00:00,86.62
2016-11-06 03:00:00,84.82
2016-11-06 04:00:00,72.77
2016-11-06 05:00:00,67.36
2016-11-06 06:00:00,78.02
2016-11-06 07:00:00,80.12
2016-11-06 08:00:00,63.82
2016-11-06 09:00:00,0.0
2016-11-06 10:00:00,0.0
2016-11-06 11:00:00,0.0
2016-11-06 12:00:00,0.0
2016-11-06 13:00:00,0.0
2016-11-06 14:00:00,0.0
2016-11-06 15:00:00,0.0
2016-11-06 16:00:00,106.35
2016-11-06 17:00:00,98.03
2016-11-06 18:00:00,96.25
2016-11-06 19:00:00,93.85
2016-11-06 20:00:00,92.15
2016-11-06 21:00:00,86.47
2016-11-06 22:00:00,85.7
2016-11-06 23:00:00,90.02
2016-11-07 00:00:00,89.18
2016-11-07 01:00:00,89.41
2016-11-07 02:00:00,91.14
2016-11-07 03:00:00,89.05
2016-11-07 04:00:00,73.62
2016-11-07 05:00:00,69.13
2016-11-07 06:00:00,80.69
2016-11-07 07:00:00,78.67
2016-11-07 08:00:00,0.0
2016-11-07 09:00:00,0.0
2016-11-07 10:00:00,0.0
2016-11-07 11:00:00,0.0
2016-11-07 12:00:00,0.0
2016-11-07 13:00:00,0.0
2016-11-07 14:00:00,0.0
2016-11-07 15:00:00,102.55
2016-11-07 16:00:00,92.51
2016-11-07 17:00:00,82.85
2016-11-07 18:00:00,83.04
2016-11-07 19:00:00,83.03
2016-11-07 20:00:00,69.52
2016-11-07 21:00:00,63.2
2016-11-07 22:00:00,64.91
2016-11-07 23:00:00,66.28
2016-11-08 00:00:00,84.6
2016-11-08 01:00:00,87.28
2016-11-08 02:00:00,88.43
2016-11-08 03:00:00,84.88
2016-11-08 04:00:00,69.64
2016-11-08 05:00:00,66.12
2016-11-08 06:00:00,77.41
2016-11-08 07:00:00,73.53
2016-11-08 08:00:00,52.32
2016-11-08 09:00:00,66.93
2016-11-08 10:00:00,65.62
2016-11-08 11:00:00,70.66
2016-11-08 12:00:00,76.48
2016-11-08 13:00:00,73.82
2016-11-08 14:00:00,78.92
2016-11-08 15:00:00,72.44
2016-11-08 16:00:00,70.15
2016-11-08 17:00:00,68.2
2016-11-08 18:00:00,0.0
2016-11-08 19:00:00,0.0
2016-11-08 20:00:00,0.0
2016-11-08 21:00:00,0.0
2016-11-08 22:00:00,0.0
2016-11-08 23:00:00,0.0
2016-11-09 00:00:00,0.0
2016-11-09 01:00:00,0.0
2016-11-09 02:00:00,111.34
2016-11-09 03:00:00,102.36
2016-11-09 04:00:00,100.98
2016-11-09 05:00:00,79.91
2016-11-09 06:00:00,79.01
2016-11-09 07:00:00,83.72
2016-11-09 08:00:00,68.41
2016-11-09 09:00:00,65.75
2016-11-09 10:00:00,67.44
2016-11-09 11:00:00,64.78
2016-11-09 12:00:00,60.81
2016-11-09 13:00:00,60.22
2016-11-09 14:00:00,64.72
2016-11-09 15:00:00,65.52
2016-11-09 16:00:00,52.59
2016-11-09 17:00:00,47.09
2016-11-09 18:00:00,71.07
2016-11-09 19:00:00,64.88
2016-11-09 20:00:00,62.73
2016-11-09 21:00:00,63.36
2016-11-09 22:00:00,65.8
2016-11-09 23:00:00,67.66
2016-11-10 00:00:00,69.64
2016-11-10 01:00:00,74.34
2016-11-10 02:00:00,73.9
2016-11-10 03:00:00,76.15
2016-11-10 04:00:00,69.48
2016-11-10 05:00:00,65.61
2016-11-10 06:00:00,0.0
2016-11-10 07:00:00,0.0
2016-11-10 08:00:00,0.0
2016-11-10 09:00:00,0.0
2016-11-10 10:00:00,0.0
2016-11-10 11:00:00,0.0
2016-11-10 12:00:00,0.0
2016-11-10 13:00:00,0.0
2016-11-10 14:00:00,111.72
2016-11-10 15:00:00,109.56
2016-11-10 16:00:00,98.6
2016-11-10 17:00:00,96.73
2016-11-10 18:00:00,92.99
2016-11-10 19:00:00,88.91
2016-11-10 20:00:00,84.75
2016-11-10 21:00:00,81.95
2016-11-10 22:00:00,86.28
2016-11-10 23:00:00,87.62
2016-11-11 00:00:00,84.69
2016-11-11 01:00:00,87.94
2016-11-11 02:00:00,78.12
2016-11-11 03:00:00,85.46
2016-11-11 04:00:00,86.2
2016-11-11 05:00:00,67.97
2016-11-11 06:00:00,0.0
2016-11-11 07:00:00,0.0
2016-11-11 08:00:00,0.0
2016-11-11 09:00:00,0.0
2016-11-11 10:00:00,0.0
2016-11-11 11:00:00,0.0
2016-11-11 12:00:00,0.0
2016-11-11 13:00:00,0.0
2016-11-11 14:00:00,0.0
2016-11-11 15:00:00,95.37
2016-11-11 16:00:00,81.98
2016-11-11 17:00:00,67.41
2016-11-11 18:00:00,75.08
2016-11-11 19:00:00,66.64
2016-11-11 20:00:00,62.23
2016-11-11 21:00:00,62.3
2016-11-11 22:00:00,63.02
2016-11-11 23:00:00,81.82
2016-11-12 00:00:00,83.47
2016-11-12 01:00:00,87.49
2016-11-12 02:00:00,88.26
2016-11-12 03:00:00,81.85
2016-11-12 04:00:00,68.04
2016-11-12 05:00:00,61.04
2016-11-12 06:00:00,72.68
2016-11-12 07:00:00,73.66
2016-11-12 08:00:00,71.17
2016-11-12 09:00:00,58.62
2016-11-12 10:00:00,0.0
2016-11-12 11:00:00,0.0
2016-11-12 12:00:00,0.0
2016-11-12 13:00:00,0.0
2016-11-12 14:00:00,0.0
2016-11-12 15:00:00,0.0
2016-11-12 16:00:00,0.0
2016-11-12 17:00:00,98.51
2016-11-12 18:00:00,97.73
2016-11-12 19:00:00,76.82
2016-11-12 20:00:00,87.19
2016-11-12 21:00:00,83.42
2016-11-12 22:00:00,84.35
2016-11-12 23:00:00,86.5
2016-11-13 00:00:00,89.72
2016-11-13 01:00:00,90.27
2016-11-13 02:00:00,90.01
2016-11-13 03:00:00,90.92
2016-11-13 04:00:00,73.99
2016-11-13 05:00:00,71.51
2016-11-13 06:00:00,0.0
2016-11-13 07:00:00,0.0
2016-11-13 08:00:00,0.0
2016-11-13 09:00:00,0.0
2016-11-13 10:00:00,0.0
2016-11-13 11:00:00,0.0
2016-11-13 12:00:00,0.0
2016-11-13 13:00:00,0.0
2016-11-13 14:00:00,0.0
2016-11-13 15:00:00,92.52
2016-11-13 16:00:00,92.33
2016-11-13 17:00:00,82.94
2016-11-13 18:00:00,73.35
2016-11-13 19:00:00,69.91
2016-11-13 20:00:00,68.34
2016-11-13 21:00:00,68.5
2016-11-13 22:00:00,81.88
2016-11-13 23:00:00,87.57
2016-11-14 00:00:00,87.66
2016-11-14 01:00:00,86.75
2016-11-14 02:00:00,79.6
2016-11-14 03:00:00,80.12
2016-11-14 04:00:00,85.27
2016-11-14 05:00:00,83.27
2016-11-14 06:00:00,65.97
2016-11-14 07:00:00,60.32
2016-11-14 08:00:00,69.9
2016-11-14 09:00:00,67.86
2016-11-14 10:00:00,69.08
2016-11-14 11:00:00,62.79
2016-11-14 12:00:00,68.66
2016-11-14 13:00:00,73.01
2016-11-14 14:00:00,78.76
2016-11-14 15:00:00,81.1
2016-11-14 16:00:00,74.11
2016-11-14 17:00:00,58.37
2016-11-14 18:00:00,0.0
2016-11-14 19:00:00,0.0
2016-11-14 20:00:00,0.0
2016-11-14 21:00:00,0.0
2016-11-14 22:00:00,0.0
2016-11-14 23:00:00,0.0
2016-11-15 00:00:00,0.0
2016-11-15 01:00:00,0.0
2016-11-15 02:00:00,112.04
2016-11-15 03:00:00,101.07
2016-11-15 04:00:00,100.48
2016-11-15 05:00:00,79.77
2016-11-15 06:00:00,94.32
2016-11-15 07:00:00,90.23
2016-11-15 08:00:00,84.76
2016-11-15 09:00:00,83.98
2016-11-15 10:00:00,81.91
2016-11-15 11:00:00,85.32
2016-11-15 12:00:00,87.6
2016-11-15 13:00:00,76.14
2016-11-15 14:00:00,84.06
2016-11-15 15:00:00,83.92
2016-11-15 16:00:00,76.65
2016-11-15 17:00:00,0.0
2016-11-15 18:00:00,0.0
2016-11-15 19:00:00,0.0
2016-11-15 20:00:00,0.0
2016-11-15 21:00:00,0.0
2016-11-15 22:00:00,0.0
2016-11-15 23:00:00,0.0
2016-11-16 00:00:00,0.0
2016-11-16 01:00:00,93.06
2016-11-16 02:00:00,95.8
2016-11-16 03:00:00,70.05
2016-11-16 04:00:00,69.85
2016-11-16 05:00:00,86.21
2016-11-16 06:00:00,64.7
2016-11-16 07:00:00,61.08
2016-11-16 08:00:00,67.2
2016-11-16 09:00:00,53.91
2016-11-16 10:00:00,53.75
2016-11-16 11:00:00,59.05
2016-11-16 12:00:00,73.44
2016-11-16 13:00:00,76.44
2016-11-16 14:00:00,76.47
2016-11-16 15:00:00,77.3
2016-11-16 16:00:00,74.98
2016-11-16 17:00:00,72.7
2016-11-16 18:00:00,73.61
2016-11-16 19:00:00,70.24
2016-11-16 20:00:00,66.06
2016-11-16 21:00:00,49.4
2016-11-16 22:00:00,65.59
2016-11-16 23:00:00,68.32
2016-11-17 00:00:00,72.03
2016-11-17 01:00:00,71.12
2016-11-17 02:00:00,75.87
2016-11-17 03:00:00,80.52
2016-11-17 04:00:00,75.5
2016-11-17 05:00:00,58.91
2016-11-17 06:00:00,0.0
2016-11-17 07:00:00,0.0
2016-11-17 08:00:00,0.0
2016-11-17 09:00:00,0.0
2016-11-17 10:00:00,0.0
2016-11-17 11:00:00,0.0
2016-11-17 12:00:00,0.0
2016-11-17 13:00:00,0.0
2016-11-17 14:00:00,110.42
2016-11-17 15:00:00,102.07
2016-11-17 16:00:00,99.63
2016-11-17 17:00:00,96.54
2016-11-17 18:00:00,91.64
2016-11-17 19:00:00,86.39
2016-11-17 20:00:00,85.8
2016-11-17 21:00:00,82.19
2016-11-17 22:00:00,86.4
2016-11-17 23:00:00,86.4
2016-11-18 00:00:00,77.83
2016-11-18 01:00:00,85.82
2016-11-18 02:00:00,87.43
2016-11-18 03:00:00,87.85
2016-11-18 04:00:00,71.48
2016-11-18 05:00:00,0.0
2016-11-18 06:00:00,0.0
2016-11-18 07:00:00,0.0
2016-11-18 08:00:00,0.0
2016-11-18 09:00:00,0.0
2016-11-18 10:00:00,0.0
2016-11-18 11:00:00,0.0
2016-11-18 12:00:00,0.0
2016-11-18 13:00:00,0.0
2016-11-18 14:00:00,101.24
2016-11-18 15:00:00,101.88
2016-11-18 16:00:00,93.2
2016-11-18 17:00:00,80.2
2016-11-18 18:00:00,75.08
2016-11-18 19:00:00,69.37
2016-11-18 20:00:00,65.28
2016-11-18 21:00:00,59.67
2016-11-18 22:00:00,62.16
2016-11-18 23:00:00,83.41
2016-11-19 00:00:00,85.72
2016-11-19 01:00:00,88.07
2016-11-19 02:00:00,89.29
2016-11-19 03:00:00,68.5
2016-11-19 04:00:00,71.85
2016-11-19 05:00:00,78.94
2016-11-19 06:00:00,75.18
2016-11-19 07:00:00,57.67
2016-11-19 08:00:00,69.39
2016-11-19 09:00:00,66.57
2016-11-19 10:00:00,70.49
2016-11-19 11:00:00,76.37
2016-11-19 12:00:00,71.54
2016-11-19 13:00:00,72.93
2016-11-19 14:00:00,73.65
2016-11-19 15:00:00,74.73
2016-11-19 16:00:00,56.84
2016-11-19 17:00:00,67.0
2016-11-19 18:00:00,0.0
2016-11-19 19:00:00,0.0
2016-11-19 20:00:00,0.0
2016-11-19 21:00:00,0.0
2016-11-19 22:00:00,0.0
2016-11-19 23:00:00,0.0
2016-11-20 00:00:00,0.0
2016-11-20 01:00:00,109.8
2016-11-20 02:00:00,108.39
2016-11-20 03:00:00,99.25
2016-11-20 04:00:00,85.54
2016-11-20 05:00:00,82.97
2016-11-20 06:00:00,84.45
2016-11-20 07:00:00,80.05
2016-11-20 08:00:00,61.05
2016-11-20 09:00:00,57.59
2016-11-20 10:00:00,64.58
2016-11-20 11:00:00,54.96
2016-11-20 12:00:00,56.2
2016-11-20 13:00:00,56.81
2016-11-20 14:00:00,59.82
2016-11-20 15:00:00,59.62
2016-11-20 16:00:00,55.18
2016-11-20 17:00:00,56.39
2016-11-20 18:00:00,67.39
2016-11-20 19:00:00,67.78
2016-11-20 20:00:00,64.98
2016-11-20 21:00:00,64.35
2016-11-20 22:00:00,66.12
2016-11-20 23:00:00,70.21
2016-11-21 00:00:00,67.86
2016-11-21 01:00:00,71.76
2016-11-21 02:00:00,74.01
2016-11-21 03:00:00,80.6
2016-11-21 04:00:00,67.67
2016-11-21 05:00:00,66.51
2016-11-21 06:00:00,0.0
2016-11-21 07:00:00,0.0
2016-11-21 08:00:00,0.0
2016-11-21 09:00:00,0.0
2016-11-21 10:00:00,0.0
2016-11-21 11:00:00,0.0
2016-11-21 12:00:00,0.0
2016-11-21 13:00:00,0.0
2016-11-21 14:00:00,110.83
2016-11-21 15:00:00,108.07
2016-11-21 16:00:00,99.68
2016-11-21 17:00:00,95.27
2016-11-21 18:00:00,91.44
2016-11-21 19:00:00,88.97
2016-11-21 20:00:00,85.66
2016-11-21 21:00:00,84.62
2016-11-21 22:00:00,85.74
2016-11-21 23:00:00,77.4
2016-11-22 00:00:00,88.07
2016-11-22 01:00:00,88.47
2016-11-22 02:00:00,89.6
2016-11-22 03:00:00,82.52
2016-11-22 04:00:00,68.12
2016-11-22 05:00:00,0.0
2016-11-22 06:00:00,0.0
2016-11-22 07:00:00,0.0
2016-11-22 08:00:00,0.0
2016-11-22 09:00:00,0.0
2016-11-22 10:00:00,0.0
2016-11-22 11:00:00,0.0
2016-11-22 12:00:00,0.0
2016-11-22 13:00:00,0.0
2016-11-22 14:00:00,0.0
2016-11-22 15:00:00,91.14
2016-11-22 16:00:00,91.29
2016-11-22 17:00:00,66.94
2016-11-22 18:00:00,81.81
2016-11-22 19:00:00,80.57
2016-11-22 20:00:00,75.99
2016-11-22 21:00:00,63.01
2016-11-22 22:00:00,61.21
2016-11-22 23:00:00,63.17
2016-11-23 00:00:00,82.2
2016-11-23 01:00:00,81.24
2016-11-23 02:00:00,85.43
2016-11-23 03:00:00,82.65
2016-11-23 04:00:00,84.88
2016-11-23 05:00:00,64.63
2016-11-23 06:00:00,77.13
2016-11-23 07:00:00,78.22
2016-11-23 08:00:00,77.66
2016-11-23 09:00:00,70.56
2016-11-23 10:00:00,68.44
2016-11-23 11:00:00,67.4
2016-11-23 12:00:00,72.68
2016-11-23 13:00:00,71.95
2016-11-23 14:00:00,71.55
2016-11-23 15:00:00,74.01
2016-11-23 16:00:00,56.62
2016-11-23 17:00:00,70.3
2016-11-23 18:00:00,72.64
2016-11-23 19:00:00,0.0
2016-11-23 20:00:00,0.0
2016-11-23 21:00:00,0.0
2016-11-23 22:00:00,0.0
2016-11-23 23:00:00,0.0
2016-11-24 00:00:00,0.0
2016-11-24 01:00:00,109.31
2016-11-24 02:00:00,109.84
2016-11-24 03:00:00,100.0
2016-11-24 04:00:00,87.06
2016-11-24 05:00:00,81.67
2016-11-24 06:00:00,92.26
2016-11-24 07:00:00,90.18
2016-11-24 08:00:00,83.75
2016-11-24 09:00:00,81.41
2016-11-24 10:00:00,80.36
2016-11-24 11:00:00,73.54
2016-11-24 12:00:00,78.49
2016-11-24 13:00:00,83.55
2016-11-24 14:00:00,80.16
2016-11-24 15:00:00,81.28
2016-11-24 16:00:00,79.0
2016-11-24 17:00:00,0.0
2016-11-24 18:00:00,0.0
2016-11-24 19:00:00,0.0
2016-11-24 20:00:00,0.0
2016-11-24 21:00:00,0.0
2016-11-24 22:00:00,0.0
2016-11-24 23:00:00,0.0
2016-11-25 00:00:00,0.0
2016-11-25 01:00:00,98.2
2016-11-25 02:00:00,102.74
2016-11-25 03:00:00,91.81
2016-11-25 04:00:00,88.68
2016-11-25 05:00:00,69.71
2016-11-25 06:00:00,61.1
2016-11-25 07:00:00,70.13
2016-11-25 08:00:00,60.61
2016-11-25 09:00:00,59.29
2016-11-25 10:00:00,53.77
2016-11-25 11:00:00,75.96
2016-11-25 12:00:00,77.94
2016-11-25 13:00:00,81.78
2016-11-25 14:00:00,80.07
2016-11-25 15:00:00,80.09
2016-11-25 16:00:00,73.53
2016-11-25 17:00:00,73.76
2016-11-25 18:00:00,71.52
2016-11-25 19:00:00,70.03
2016-11-25 20:00:00,68.34
2016-11-25 21:00:00,62.71
2016-11-25 22:00:00,65.5
2016-11-25 23:00:00,71.36
2016-11-26 00:00:00,75.6
2016-11-26 01:00:00,79.47
2016-11-26 02:00:00,69.58
2016-11-26 03:00:00,57.18
2016-11-26 04:00:00,71.0
2016-11-26 05:00:00,71.2
2016-11-26 06:00:00,0.0
2016-11-26 07:00:00,0.0
2016-11-26 08:00:00,0.0
2016-11-26 09:00:00,0.0
2016-11-26 10:00:00,0.0
2016-11-26 11:00:00,0.0
2016-11-26 12:00:00,0.0
2016-11-26 13:00:00,0.0
2016-11-26 14:00:00,107.89
2016-11-26 15:00:00,96.82
2016-11-26 16:00:00,79.9
2016-11-26 17:00:00,91.85
2016-11-26 18:00:00,89.82
2016-11-26 19:00:00,86.59
2016-11-26 20:00:00,81.15
2016-11-26 21:00:00,75.2
2016-11-26 22:00:00,77.63
2016-11-26 23:00:00,81.62
2016-11-27 00:00:00,87.16
2016-11-27 01:00:00,88.98
2016-11-27 02:00:00,88.23
2016-11-27 03:00:00,87.3
2016-11-27 04:00:00,85.69
2016-11-27 05:00:00,74.32
2016-11-27 06:00:00,0.0
2016-11-27 07:00:00,0.0
2016-11-27 08:00:00,0.0
2016-11-27 09:00:00,0.0
2016-11-27 10:00:00,0.0
2016-11-27 11:00:00,0.0
2016-11-27 12:00:00,0.0
2016-11-27 13:00:00,0.0
2016-11-27 14:00:00,0.0
2016-11-27 15:00:00,0.0
2016-11-27 16:00:00,92.18
2016-11-27 17:00:00,80.65
2016-11-27 18:00:00,75.42
2016-11-27 19:00:00,77.91
2016-11-27 20:00:00,72.83
2016-11-27 21:00:00,71.4
2016-11-27 22:00:00,64.86
2016-11-27 23:00:00,86.16
2016-11-28 00:00:00,83.7
2016-11-28 01:00:00,85.63
2016-11-28 02:00:00,87.71
2016-11-28 03:00:00,83.99
2016-11-28 04:00:00,87.32
2016-11-28 05:00:00,78.42
2016-11-28 06:00:00,76.24
2016-11-28 07:00:00,71.45
2016-11-28 08:00:00,75.16
2016-11-28 09:00:00,66.96
2016-11-28 10:00:00,64.84
2016-11-28 11:00:00,69.81
2016-11-28 12:00:00,69.27
2016-11-28 13:00:00,73.96
2016-11-28 14:00:00,72.73
2016-11-28 15:00:00,73.95
2016-11-28 16:00:00,71.69
2016-11-28 17:00:00,65.82
2016-11-28 18:00:00,0.0
2016-11-28 19:00:00,0.0
2016-11-28 20:00:00,0.0
2016-11-28 21:00:00,0.0
2016-11-28 22:00:00,0.0
2016-11-28 23:00:00,0.0
2016-11-29 00:00:00,0.0
2016-11-29 01:00:00,112.99
2016-11-29 02:00:00,107.46
2016-11-29 03:00:00,95.77
2016-11-29 04:00:00,93.91
2016-11-29 05:00:00,79.12
2016-11-29 06:00:00,75.05
2016-11-29 07:00:00,87.24
2016-11-29 08:00:00,86.24
2016-11-29 09:00:00,84.19
2016-11-29 10:00:00,82.02
2016-11-29 11:00:00,85.44
2016-11-29 12:00:00,73.9
2016-11-29 13:00:00,73.49
2016-11-29 14:00:00,0.0
2016-11-29 15:00:00,0.0
2016-11-29 16:00:00,0.0
2016-11-29 17:00:00,0.0
2016-11-29 18:00:00,0.0
2016-11-29 19:00:00,0.0
2016-11-29 20:00:00,0.0
2016-11-29 21:00:00,0.0
2016-11-29 22:00:00,88.66
2016-11-29 23:00:00,84.15
2016-11-30 00:00:00,89.56
2016-11-30 01:00:00,86.07
2016-11-30 02:00:00,92.44
2016-11-30 03:00:00,85.76
2016-11-30 04:00:00,67.24
2016-11-30 05:00:00,63.48
2016-11-30 06:00:00,75.03
2016-11-30 07:00:00,64.68
2016-11-30 08:00:00,45.86
2016-11-30 09:00:00,71.18
2016-11-30 10:00:00,68.97
2016-11-30 11:00:00,69.31
2016-11-30 12:00:00,72.43
2016-11-30 13:00:00,72.19
2016-11-30 14:00:00,78.72
2016-11-30 15:00:00,81.68
2016-11-30 16:00:00,75.74
2016-11-30 17:00:00,56.78
2016-11-30 18:00:00,68.41
2016-11-30 19:00:00,64.16
2016-11-30 20:00:00,64.67
2016-11-30 21:00:00,61.36
2016-11-30 22:00:00,60.8
2016-11-30 23:00:00,68.24
2016-12-01 00:00:00,72.46
2016-12-01 01:00:00,75.48
2016-12-01 02:00:00,74.05
2016-12-01 03:00:00,61.35
2016-12-01 04:00:00,74.53
2016-12-01 05:00:00,71.21
2016-12-01 06:00:00,0.0
2016-12-01 07:00:00,0.0
2016-12-01 08:00:00,0.0
2016-12-01 09:00:00,0.0
2016-12-01 10:00:00,0.0
2016-12-01 11:00:00,0.0
2016-12-01 12:00:00,0.0
2016-12-01 13:00:00,0.0
2016-12-01 14:00:00,0.0
2016-12-01 15:00:00,90.27
2016-12-01 16:00:00,89.52
2016-12-01 17:00:00,71.07
2016-12-01 18:00:00,81.64
2016-12-01 19:00:00,74.36
2016-12-01 20:00:00,72.01
2016-12-01 21:00:00,64.73
2016-12-01 22:00:00,53.36
2016-12-01 23:00:00,60.48
2016-12-02 00:00:00,79.63
2016-12-02 01:00:00,79.31
2016-12-02 02:00:00,81.84
2016-12-02 03:00:00,87.06
2016-12-02 04:00:00,70.96
2016-12-02 05:00:00,68.09
2016-12-02 06:00:00,81.99
2016-12-02 07:00:00,73.7
2016-12-02 08:00:00,69.93
2016-12-02 09:00:00,68.68
2016-12-02 10:00:00,63.59
2016-12-02 11:00:00,70.42
2016-12-02 12:00:00,61.47
2016-12-02 13:00:00,69.14
2016-12-02 14:00:00,69.2
2016-12-02 15:00:00,72.37
2016-12-02 16:00:00,68.37
2016-12-02 17:00:00,67.7
2016-12-02 18:00:00,65.34
2016-12-02 19:00:00,0.0
2016-12-02 20:00:00,0.0
2016-12-02 21:00:00,0.0
2016-12-02 22:00:00,0.0
2016-12-02 23:00:00,0.0
2016-12-03 00:00:00,0.0
2016-12-03 01:00:00,0.0
2016-12-03 02:00:00,0.0
2016-12-03 03:00:00,103.4
2016-12-03 04:00:00,87.73
2016-12-03 05:00:00,84.04
2016-12-03 06:00:00,81.28
2016-12-03 07:00:00,77.1
2016-12-03 08:00:00,71.12
2016-12-03 09:00:00,63.12
2016-12-03 10:00:00,53.41
2016-12-03 11:00:00,68.74
2016-12-03 12:00:00,67.75
2016-12-03 13:00:00,74.32
2016-12-03 14:00:00,62.63
2016-12-03 15:00:00,62.13
2016-12-03 16:00:00,55.04
2016-12-03 17:00:00,57.52
2016-12-03 18:00:00,54.04
2016-12-03 19:00:00,66.72
2016-12-03 20:00:00,65.28
2016-12-03 21:00:00,66.19
2016-12-03 22:00:00,70.4
2016-12-03 23:00:00,68.34
2016-12-04 00:00:00,71.96
2016-12-04 01:00:00,74.71
2016-12-04 02:00:00,75.82
2016-12-04 03:00:00,74.05
2016-12-04 04:00:00,67.53
2016-12-04 05:00:00,64.05
2016-12-04 06:00:00,0.0
2016-12-04 07:00:00,0.0
2016-12-04 08:00:00,0.0
2016-12-04 09:00:00,0.0
2016-12-04 10:00:00,0.0
2016-12-04 11:00:00,0.0
2016-12-04 12:00:00,0.0
2016-12-04 13:00:00,0.0
2016-12-04 14:00:00,0.0
2016-12-04 15:00:00,89.18
2016-12-04 16:00:00,93.23
2016-12-04 17:00:00,90.61
2016-12-04 18:00:00,80.53
2016-12-04 19:00:00,70.35
2016-12-04 20:00:00,68.36
2016-12-04 21:00:00,64.24
2016-12-04 22:00:00,77.59
2016-12-04 23:00:00,84.02
2016-12-05 00:00:00,82.8
2016-12-05 01:00:00,83.06
2016-12-05 02:00:00,85.28
2016-12-05 03:00:00,83.74
2016-12-05 04:00:00,73.37
2016-12-05 05:00:00,73.85
2016-12-05 06:00:00,76.58
2016-12-05 07:00:00,72.79
2016-12-05 08:00:00,70.11
2016-12-05 09:00:00,68.23
2016-12-05 10:00:00,67.8
2016-12-05 11:00:00,71.07
2016-12-05 12:00:00,69.57
2016-12-05 13:00:00,65.18
2016-12-05 14:00:00,69.95
2016-12-05 15:00:00,73.96
2016-12-05 16:00:00,71.69
2016-12-05 17:00:00,75.22
2016-12-05 18:00:00,67.38
2016-12-05 19:00:00,0.0
2016-12-05 20:00:00,0.0
2016-12-05 21:00:00,0.0
2016-12-05 22:00:00,0.0
2016-12-05 23:00:00,0.0
2016-12-06 00:00:00,0.0
2016-12-06 01:00:00,0.0
2016-12-06 02:00:00,110.58
2016-12-06 03:00:00,103.99
2016-12-06 04:00:00,83.0
2016-12-06 05:00:00,78.74
2016-12-06 06:00:00,91.52
2016-12-06 07:00:00,90.44
2016-12-06 08:00:00,86.29
2016-12-06 09:00:00,67.79
2016-12-06 10:00:00,80.4
2016-12-06 11:00:00,79.55
2016-12-06 12:00:00,80.48
2016-12-06 13:00:00,78.04
2016-12-06 14:00:00,81.32
2016-12-06 15:00:00,80.67
2016-12-06 16:00:00,77.93
2016-12-06 17:00:00,0.0
2016-12-06 18:00:00,0.0
2016-12-06 19:00:00,0.0
2016-12-06 20:00:00,0.0
2016-12-06 21:00:00,0.0
2016-12-06 22:00:00,0.0
2016-12-06 23:00:00,0.0
2016-12-07 00:00:00,0.0
2016-12-07 01:00:00,0.0
2016-12-07 02:00:00,99.84
2016-12-07 03:00:00,98.38
2016-12-07 04:00:00,92.53
2016-12-07 05:00:00,70.37
2016-12-07 06:00:00,65.69
2016-12-07 07:00:00,77.08
2016-12-07 08:00:00,60.83
2016-12-07 09:00:00,63.26
2016-12-07 10:00:00,58.02
2016-12-07 11:00:00,59.95
2016-12-07 12:00:00,78.38
2016-12-07 13:00:00,80.46
2016-12-07 14:00:00,68.79
2016-12-07 15:00:00,76.83
2016-12-07 16:00:00,77.97
2016-12-07 17:00:00,75.03
2016-12-07 18:00:00,71.36
2016-12-07 19:00:00,69.76
2016-12-07 20:00:00,69.06
2016-12-07 21:00:00,63.98
2016-12-07 22:00:00,68.08
2016-12-07 23:00:00,68.04
2016-12-08 00:00:00,71.23
2016-12-08 01:00:00,65.85
2016-12-08 02:00:00,67.57
2016-12-08 03:00:00,74.01
2016-12-08 04:00:00,75.44
2016-12-08 05:00:00,63.58
2016-12-08 06:00:00,0.0
2016-12-08 07:00:00,0.0
2016-12-08 08:00:00,0.0
2016-12-08 09:00:00,0.0
2016-12-08 10:00:00,0.0
2016-12-08 11:00:00,0.0
2016-12-08 12:00:00,0.0
2016-12-08 13:00:00,0.0
2016-12-08 14:00:00,0.0
2016-12-08 15:00:00,97.85
2016-12-08 16:00:00,92.29
2016-12-08 17:00:00,83.34
2016-12-08 18:00:00,76.78
2016-12-08 19:00:00,74.62
2016-12-08 20:00:00,67.54
2016-12-08 21:00:00,65.18
2016-12-08 22:00:00,60.63
2016-12-08 23:00:00,62.35
2016-12-09 00:00:00,83.19
2016-12-09 01:00:00,92.54
2016-12-09 02:00:00,81.08
2016-12-09 03:00:00,78.14
2016-12-09 04:00:00,81.2
2016-12-09 05:00:00,86.07
2016-12-09 06:00:00,61.6
2016-12-09 07:00:00,55.35
2016-12-09 08:00:00,65.49
2016-12-09 09:00:00,62.86
2016-12-09 10:00:00,64.04
2016-12-09 11:00:00,0.0
2016-12-09 12:00:00,0.0
2016-12-09 13:00:00,0.0
2016-12-09 14:00:00,0.0
2016-12-09 15:00:00,0.0
2016-12-09 16:00:00,0.0
2016-12-09 17:00:00,0.0
2016-12-09 18:00:00,99.82
2016-12-09 19:00:00,97.14
2016-12-09 20:00:00,93.44
2016-12-09 21:00:00,92.54
2016-12-09 22:00:00,95.37
2016-12-09 23:00:00,96.37
2016-12-10 00:00:00,94.65
2016-12-10 01:00:00,97.64
2016-12-10 02:00:00,97.48
2016-12-10 03:00:00,89.99
2016-12-10 04:00:00,70.73
2016-12-10 05:00:00,84.47
2016-12-10 06:00:00,86.56
2016-12-10 07:00:00,85.04
2016-12-10 08:00:00,62.68
2016-12-10 09:00:00,0.0
2016-12-10 10:00:00,0.0
2016-12-10 11:00:00,0.0
2016-12-10 12:00:00,0.0
2016-12-10 13:00:00,0.0
2016-12-10 14:00:00,0.0
2016-12-10 15:00:00,0.0
2016-12-10 16:00:00,93.5
2016-12-10 17:00:00,91.0
2016-12-10 18:00:00,86.49
2016-12-10 19:00:00,60.28
2016-12-10 20:00:00,67.92
2016-12-10 21:00:00,64.23
2016-12-10 22:00:00,63.13
2016-12-10 23:00:00,64.25
2016-12-11 00:00:00,68.85
2016-12-11 01:00:00,87.26
2016-12-11 02:00:00,89.64
2016-12-11 03:00:00,89.08
2016-12-11 04:00:00,74.24
2016-12-11 05:00:00,67.71
2016-12-11 06:00:00,78.68
2016-12-11 07:00:00,81.08
2016-12-11 08:00:00,74.68
2016-12-11 09:00:00,54.81
2016-12-11 10:00:00,0.0
2016-12-11 11:00:00,0.0
2016-12-11 12:00:00,0.0
2016-12-11 13:00:00,0.0
2016-12-11 14:00:00,0.0
2016-12-11 15:00:00,0.0
2016-12-11 16:00:00,0.0
2016-12-11 17:00:00,104.26
2016-12-11 18:00:00,94.6
2016-12-11 19:00:00,92.17
2016-12-11 20:00:00,88.77
2016-12-11 21:00:00,87.54
2016-12-11 22:00:00,84.07
2016-12-11 23:00:00,91.92
2016-12-12 00:00:00,89.41
2016-12-12 01:00:00,92.23
2016-12-12 02:00:00,93.13
2016-12-12 03:00:00,97.22
2016-12-12 04:00:00,90.45
2016-12-12 05:00:00,68.3
2016-12-12 06:00:00,63.04
2016-12-12 07:00:00,78.21
2016-12-12 08:00:00,0.0
2016-12-12 09:00:00,0.0
2016-12-12 10:00:00,0.0
2016-12-12 11:00:00,0.0
2016-12-12 12:00:00,0.0
2016-12-12 13:00:00,0.0
2016-12-12 14:00:00,0.0
2016-12-12 15:00:00,0.0
2016-12-12 16:00:00,89.19
2016-12-12 17:00:00,87.76
2016-12-12 18:00:00,79.14
2016-12-12 19:00:00,72.02
2016-12-12 20:00:00,75.91
2016-12-12 21:00:00,72.2
2016-12-12 22:00:00,73.52
2016-12-12 23:00:00,72.24
2016-12-13 00:00:00,82.85
2016-12-13 01:00:00,87.55
2016-12-13 02:00:00,87.91
2016-12-13 03:00:00,82.2
2016-12-13 04:00:00,67.24
2016-12-13 05:00:00,71.63
2016-12-13 06:00:00,77.31
2016-12-13 07:00:00,74.6
2016-12-13 08:00:00,72.66
2016-12-13 09:00:00,50.61
2016-12-13 10:00:00,63.38
2016-12-13 11:00:00,68.8
2016-12-13 12:00:00,72.59
2016-12-13 13:00:00,71.27
2016-12-13 14:00:00,72.34
2016-12-13 15:00:00,70.18
2016-12-13 16:00:00,71.82
2016-12-13 17:00:00,71.6
2016-12-13 18:00:00,67.05
2016-12-13 19:00:00,64.97
2016-12-13 20:00:00,0.0
2016-12-13 21:00:00,0.0
2016-12-13 22:00:00,0.0
2016-12-13 23:00:00,0.0
2016-12-14 00:00:00,0.0
2016-12-14 01:00:00,0.0
2016-12-14 02:00:00,0.0
2016-12-14 03:00:00,101.05
2016-12-14 04:00:00,84.04
2016-12-14 05:00:00,82.14
2016-12-14 06:00:00,97.02
2016-12-14 07:00:00,90.44
2016-12-14 08:00:00,68.76
2016-12-14 09:00:00,64.42
2016-12-14 10:00:00,78.84
2016-12-14 11:00:00,77.16
2016-12-14 12:00:00,0.0
2016-12-14 13:00:00,0.0
2016-12-14 14:00:00,0.0
2016-12-14 15:00:00,0.0
2016-12-14 16:00:00,0.0
2016-12-14 17:00:00,0.0
2016-12-14 18:00:00,94.54
2016-12-14 19:00:00,82.0
2016-12-14 20:00:00,64.66
2016-12-14 21:00:00,71.29
2016-12-14 22:00:00,70.49
2016-12-14 23:00:00,72.88
2016-12-15 00:00:00,72.32
2016-12-15 01:00:00,77.34
2016-12-15 02:00:00,80.53
2016-12-15 03:00:00,81.0
2016-12-15 04:00:00,60.64
2016-12-15 05:00:00,55.45
2016-12-15 06:00:00,70.18
2016-12-15 07:00:00,57.37
2016-12-15 08:00:00,65.44
2016-12-15 09:00:00,53.81
2016-12-15 10:00:00,63.72
2016-12-15 11:00:00,65.31
2016-12-15 12:00:00,69.79
2016-12-15 13:00:00,72.17
2016-12-15 14:00:00,73.76
2016-12-15 15:00:00,67.99
2016-12-15 16:00:00,60.23
2016-12-15 17:00:00,68.35
2016-12-15 18:00:00,67.43
2016-12-15 19:00:00,63.62
2016-12-15 20:00:00,62.49
2016-12-15 21:00:00,60.22
2016-12-15 22:00:00,58.03
2016-12-15 23:00:00,64.03
2016-12-16 00:00:00,66.84
2016-12-16 01:00:00,73.76
2016-12-16 02:00:00,74.84
2016-12-16 03:00:00,60.22
2016-12-16 04:00:00,59.06
2016-12-16 05:00:00,0.0
2016-12-16 06:00:00,0.0
2016-12-16 07:00:00,0.0
2016-12-16 08:00:00,0.0
2016-12-16 09:00:00,0.0
2016-12-16 10:00:00,0.0
2016-12-16 11:00:00,0.0
2016-12-16 12:00:00,0.0
2016-12-16 13:00:00,0.0
2016-12-16 14:00:00,92.15
2016-12-16 15:00:00,90.44
2016-12-16 16:00:00,87.47
2016-12-16 17:00:00,81.63
2016-12-16 18:00:00,77.65
2016-12-16 19:00:00,83.76
2016-12-16 20:00:00,75.9
2016-12-16 21:00:00,72.17
2016-12-16 22:00:00,62.79
2016-12-16 23:00:00,82.74
2016-12-17 00:00:00,82.15
2016-12-17 01:00:00,86.97
2016-12-17 02:00:00,85.46
2016-12-17 03:00:00,75.16
2016-12-17 04:00:00,85.17
2016-12-17 05:00:00,82.55
2016-12-17 06:00:00,77.42
2016-12-17 07:00:00,62.06
2016-12-17 08:00:00,69.7
2016-12-17 09:00:00,68.48
2016-12-17 10:00:00,66.66
2016-12-17 11:00:00,65.21
2016-12-17 12:00:00,70.09
2016-12-17 13:00:00,68.84
2016-12-17 14:00:00,71.63
2016-12-17 15:00:00,68.46
2016-12-17 16:00:00,58.04
2016-12-17 17:00:00,70.2
2016-12-17 18:00:00,0.0
2016-12-17 19:00:00,0.0
2016-12-17 20:00:00,0.0
2016-12-17 21:00:00,0.0
2016-12-17 22:00:00,0.0
2016-12-17 23:00:00,0.0
2016-12-18 00:00:00,0.0
2016-12-18 01:00:00,109.43
2016-12-18 02:00:00,110.49
2016-12-18 03:00:00,96.83
2016-12-18 04:00:00,85.97
2016-12-18 05:00:00,99.61
2016-12-18 06:00:00,89.4
2016-12-18 07:00:00,65.49
2016-12-18 08:00:00,58.31
2016-12-18 09:00:00,66.63
2016-12-18 10:00:00,66.54
2016-12-18 11:00:00,62.88
2016-12-18 12:00:00,58.71
2016-12-18 13:00:00,67.3
2016-12-18 14:00:00,66.4
2016-12-18 15:00:00,64.68
2016-12-18 16:00:00,56.02
2016-12-18 17:00:00,49.44
2016-12-18 18:00:00,68.28
2016-12-18 19:00:00,66.63
2016-12-18 20:00:00,63.13
2016-12-18 21:00:00,63.21
2016-12-18 22:00:00,66.41
2016-12-18 23:00:00,70.17
2016-12-19 00:00:00,70.27
2016-12-19 01:00:00,76.86
2016-12-19 02:00:00,81.68
2016-12-19 03:00:00,80.18
2016-12-19 04:00:00,62.4
2016-12-19 05:00:00,54.87
2016-12-19 06:00:00,67.59
2016-12-19 07:00:00,64.18
2016-12-19 08:00:00,0.0
2016-12-19 09:00:00,0.0
2016-12-19 10:00:00,0.0
2016-12-19 11:00:00,0.0
2016-12-19 12:00:00,0.0
2016-12-19 13:00:00,0.0
2016-12-19 14:00:00,0.0
2016-12-19 15:00:00,0.0
2016-12-19 16:00:00,98.39
2016-12-19 17:00:00,96.87
2016-12-19 18:00:00,93.8
2016-12-19 19:00:00,92.09
2016-12-19 20:00:00,90.26
2016-12-19 21:00:00,87.42
2016-12-19 22:00:00,80.8
2016-12-19 23:00:00,86.59
2016-12-20 00:00:00,88.24
2016-12-20 01:00:00,84.73
2016-12-20 02:00:00,88.27
2016-12-20 03:00:00,83.6
2016-12-20 04:00:00,74.07
2016-12-20 05:00:00,69.43
2016-12-20 06:00:00,75.64
2016-12-20 07:00:00,76.33
2016-12-20 08:00:00,0.0
2016-12-20 09:00:00,0.0
2016-12-20 10:00:00,0.0
2016-12-20 11:00:00,0.0
2016-12-20 12:00:00,0.0
2016-12-20 13:00:00,0.0
2016-12-20 14:00:00,0.0
2016-12-20 15:00:00,102.49
2016-12-20 16:00:00,102.87
2016-12-20 17:00:00,90.79
2016-12-20 18:00:00,65.14
2016-12-20 19:00:00,70.12
2016-12-20 20:00:00,64.84
2016-12-20 21:00:00,67.99
2016-12-20 22:00:00,60.0
2016-12-20 23:00:00,63.58
2016-12-21 00:00:00,66.95
2016-12-21 01:00:00,81.1
2016-12-21 02:00:00,86.87
2016-12-21 03:00:00,83.16
2016-12-21 04:00:00,70.18
2016-12-21 05:00:00,68.07
2016-12-21 06:00:00,77.2
2016-12-21 07:00:00,72.9
2016-12-21 08:00:00,70.68
2016-12-21 09:00:00,65.57
2016-12-21 10:00:00,66.2
2016-12-21 11:00:00,64.66
2016-12-21 12:00:00,63.86
2016-12-21 13:00:00,0.0
2016-12-21 14:00:00,0.0
2016-12-21 15:00:00,0.0
2016-12-21 16:00:00,0.0
2016-12-21 17:00:00,0.0
2016-12-21 18:00:00,0.0
2016-12-21 19:00:00,0.0
2016-12-21 20:00:00,99.47
2016-12-21 21:00:00,94.88
2016-12-21 22:00:00,96.99
2016-12-21 23:00:00,96.43
2016-12-22 00:00:00,101.31
2016-12-22 01:00:00,100.77
2016-12-22 02:00:00,100.44
2016-12-22 03:00:00,75.0
2016-12-22 04:00:00,75.02
2016-12-22 05:00:00,86.58
2016-12-22 06:00:00,83.47
2016-12-22 07:00:00,64.21
2016-12-22 08:00:00,0.0
2016-12-22 09:00:00,0.0
2016-12-22 10:00:00,0.0
2016-12-22 11:00:00,0.0
2016-12-22 12:00:00,0.0
2016-12-22 13:00:00,0.0
2016-12-22 14:00:00,0.0
2016-12-22 15:00:00,93.06
2016-12-22 16:00:00,81.02
2016-12-22 17:00:00,84.94
2016-12-22 18:00:00,82.5
2016-12-22 19:00:00,62.06
2016-12-22 20:00:00,68.73
2016-12-22 21:00:00,60.14
2016-12-22 22:00:00,60.01
2016-12-22 23:00:00,80.65
2016-12-23 00:00:00,81.44
2016-12-23 01:00:00,80.17
2016-12-23 02:00:00,84.23
2016-12-23 03:00:00,67.07
2016-12-23 04:00:00,79.5
2016-12-23 05:00:00,79.0
2016-12-23 06:00:00,83.34
2016-12-23 07:00:00,58.54
2016-12-23 08:00:00,71.58
2016-12-23 09:00:00,66.25
2016-12-23 10:00:00,66.14
2016-12-23 11:00:00,0.0
2016-12-23 12:00:00,0.0
2016-12-23 13:00:00,0.0
2016-12-23 14:00:00,0.0
2016-12-23 15:00:00,0.0
2016-12-23 16:00:00,0.0
2016-12-23 17:00:00,101.64
2016-12-23 18:00:00,96.74
2016-12-23 19:00:00,91.62
2016-12-23 20:00:00,90.55
2016-12-23 21:00:00,84.27
2016-12-23 22:00:00,83.01
2016-12-23 23:00:00,88.92
2016-12-24 00:00:00,89.03
2016-12-24 01:00:00,93.31
2016-12-24 02:00:00,82.08
2016-12-24 03:00:00,72.9
2016-12-24 04:00:00,87.81
2016-12-24 05:00:00,85.39
2016-12-24 06:00:00,78.41
2016-12-24 07:00:00,0.0
2016-12-24 08:00:00,0.0
2016-12-24 09:00:00,0.0
2016-12-24 10:00:00,0.0
2016-12-24 11:00:00,0.0
2016-12-24 12:00:00,0.0
2016-12-24 13:00:00,0.0
2016-12-24 14:00:00,0.0
2016-12-24 15:00:00,96.46
2016-12-24 16:00:00,92.16
2016-12-24 17:00:00,83.9
2016-12-24 18:00:00,79.41
2016-12-24 19:00:00,65.16
2016-12-24 20:00:00,67.23
2016-12-24 21:00:00,70.89
2016-12-24 22:00:00,66.71
2016-12-24 23:00:00,76.14
2016-12-25 00:00:00,74.17
